date,equity,drawdown,drawdown_pct,daily_return
2025-03-10 07:30:00,50.0,0.0,0.0,
2025-03-10 07:45:00,50.0,0.0,0.0,0.0
2025-03-10 08:00:00,50.0,0.0,0.0,0.0
2025-03-10 08:15:00,50.0,0.0,0.0,0.0
2025-03-10 08:30:00,50.0,0.0,0.0,0.0
2025-03-10 08:45:00,50.0,0.0,0.0,0.0
2025-03-10 09:00:00,50.0,0.0,0.0,0.0
2025-03-10 09:15:00,50.0,0.0,0.0,0.0
2025-03-10 09:30:00,50.0,0.0,0.0,0.0
2025-03-10 09:45:00,50.0,0.0,0.0,0.0
2025-03-10 10:00:00,50.0,0.0,0.0,0.0
2025-03-10 10:15:00,50.0,0.0,0.0,0.0
2025-03-10 10:30:00,50.0,0.0,0.0,0.0
2025-03-10 10:45:00,50.0,0.0,0.0,0.0
2025-03-10 11:00:00,50.0,0.0,0.0,0.0
2025-03-10 11:15:00,50.0,0.0,0.0,0.0
2025-03-10 11:30:00,50.0,0.0,0.0,0.0
2025-03-10 11:45:00,50.0,0.0,0.0,0.0
2025-03-10 12:00:00,50.0,0.0,0.0,0.0
2025-03-10 12:15:00,50.0,0.0,0.0,0.0
2025-03-10 12:30:00,50.0,0.0,0.0,0.0
2025-03-10 12:45:00,50.0,0.0,0.0,0.0
2025-03-10 13:00:00,50.0,0.0,0.0,0.0
2025-03-10 13:15:00,50.0,0.0,0.0,0.0
2025-03-10 13:30:00,50.0,0.0,0.0,0.0
2025-03-10 13:45:00,50.0,0.0,0.0,0.0
2025-03-10 14:00:00,50.0,0.0,0.0,0.0
2025-03-10 14:15:00,50.0,0.0,0.0,0.0
2025-03-10 14:30:00,49.98571428571428,0.014285714285719564,0.028571428571439128,-0.00028571428571444457
2025-03-10 14:45:00,50.551754095198426,0.0,0.0,0.011324031627290676
2025-03-10 15:00:00,52.32068452119514,0.0,0.0,0.03499246381570642
2025-03-10 15:15:00,52.44348333972143,0.0,0.0,0.0023470415123592048
2025-03-10 15:30:00,52.61916632097065,0.0,0.0,0.003349948745989373
2025-03-10 15:45:00,51.43016900144458,1.1889973195260666,2.259627817501563,-0.02259627817501564
2025-03-10 16:00:00,51.3306750681861,1.2884912527845458,2.448710884024469,-0.001934544163284535
2025-03-10 16:15:00,49.49003730290399,3.1291290180666564,5.946747614698686,-0.03585843675028755
2025-03-10 16:30:00,48.325689381257284,4.293476939713365,8.15953052833195,-0.023526915417749872
2025-03-10 16:45:00,46.82117976887549,5.797986552095161,11.018773115347615,-0.031132708744457283
2025-03-10 17:00:00,44.93303589131677,7.686130429653879,14.607092751658964,-0.04032670442904707
2025-03-10 17:15:00,47.042576178919134,5.576590142051515,10.5980207060579,0.04694853676713229
2025-03-10 17:30:00,45.088999354262526,7.530166966708123,14.310692269001377,-0.041527845269920594
2025-03-10 17:45:00,44.30783752692218,8.311328794048471,15.795249858863889,-0.017324887190394045
2025-03-10 18:00:00,45.92573436954903,6.693431951421616,12.720520714054034,0.036514913228247625
2025-03-10 18:15:00,44.52833759522478,8.090828725745872,15.37620090062389,-0.030427314739920552
2025-03-10 18:30:00,44.863121235513475,7.756045085457174,14.73996193354,0.007518440129788306
2025-03-10 18:45:00,57.843057142857155,0.0,0.0,0.2893230687005526
2025-03-10 19:00:00,57.843057142857155,0.0,0.0,0.0
2025-03-10 19:15:00,57.843057142857155,0.0,0.0,0.0
2025-03-10 19:30:00,57.843057142857155,0.0,0.0,0.0
2025-03-10 19:45:00,57.843057142857155,0.0,0.0,0.0
2025-03-10 20:00:00,57.843057142857155,0.0,0.0,0.0
2025-03-10 20:15:00,57.843057142857155,0.0,0.0,0.0
2025-03-10 20:30:00,57.843057142857155,0.0,0.0,0.0
2025-03-10 20:45:00,57.843057142857155,0.0,0.0,0.0
2025-03-10 21:00:00,57.843057142857155,0.0,0.0,0.0
2025-03-10 21:15:00,57.843057142857155,0.0,0.0,0.0
2025-03-10 21:30:00,57.843057142857155,0.0,0.0,0.0
2025-03-10 21:45:00,57.843057142857155,0.0,0.0,0.0
2025-03-10 22:00:00,57.843057142857155,0.0,0.0,0.0
2025-03-10 22:15:00,57.843057142857155,0.0,0.0,0.0
2025-03-10 22:30:00,57.843057142857155,0.0,0.0,0.0
2025-03-10 22:45:00,57.843057142857155,0.0,0.0,0.0
2025-03-10 23:00:00,57.843057142857155,0.0,0.0,0.0
2025-03-10 23:15:00,57.843057142857155,0.0,0.0,0.0
2025-03-10 23:30:00,57.843057142857155,0.0,0.0,0.0
2025-03-10 23:45:00,57.843057142857155,0.0,0.0,0.0
2025-03-11 00:00:00,57.843057142857155,0.0,0.0,0.0
2025-03-11 00:15:00,57.843057142857155,0.0,0.0,0.0
2025-03-11 00:30:00,57.82653055510206,0.01652658775509508,0.028571428571416528,-0.0002857142857141115
2025-03-11 00:45:00,62.35739881151653,0.0,0.0,0.07835275976131872
2025-03-11 01:00:00,59.432591800250776,2.924807011265756,4.690392907674631,-0.04690392907674634
2025-03-11 01:15:00,62.812045964665835,0.0,0.0,0.056861968526851214
2025-03-11 01:30:00,69.2196115822458,0.0,0.0,0.10201173229072125
2025-03-11 01:45:00,70.17786788965275,0.0,0.0,0.013843711131900083
2025-03-11 02:00:00,71.2598743097513,0.0,0.0,0.015418057752907055
2025-03-11 02:15:00,71.02690127151027,0.23297303824102755,0.3269343940017969,-0.003269343940017988
2025-03-11 02:30:00,70.31184083774058,0.9480334720107209,1.3303889197023053,-0.01006745924387542
2025-03-11 02:45:00,71.41913532434556,0.0,0.0,0.01574833589068314
2025-03-11 03:00:00,72.9977563271149,0.0,0.0,0.02210361404685357
2025-03-11 03:15:00,71.75379867258097,1.2439576545339293,1.7041039576059724,-0.017041039576059736
2025-03-11 03:30:00,72.6146690217394,0.38308730537549707,0.5247932603007962,0.011997557830863537
2025-03-11 03:45:00,72.34295681778627,0.6547995093286261,0.897013199137741,-0.0037418362930468074
2025-03-11 04:00:00,73.80105597167338,0.0,0.0,0.02015537127629008
2025-03-11 04:15:00,75.37967697444265,0.0,0.0,0.02139022242954325
2025-03-11 04:30:00,74.59305669289914,0.7866202815435059,1.043544245765617,-0.010435442457656152
2025-03-11 04:45:00,73.59552317581175,1.7841537986308964,2.3668896846504275,-0.013373007640567036
2025-03-11 05:00:00,75.83701434743307,0.0,0.0,0.03045689567647525
2025-03-11 05:15:00,75.87198720536763,0.0,0.0,0.0004611581591851266
2025-03-11 05:30:00,75.84777522679755,0.024211978570079395,0.03191161779451389,-0.00031911617794511127
2025-03-11 05:45:00,76.28843323677299,0.0,0.0,0.005809768429697382
2025-03-11 06:00:00,77.13800466259877,0.0,0.0,0.01113630716715619
2025-03-11 06:15:00,77.0901187494268,0.04788591317198154,0.062078236767251466,-0.00062078236767249
2025-03-11 06:30:00,76.85337940340821,0.2846252591905625,0.36898187921182546,-0.0030709428115952564
2025-03-11 06:45:00,75.4431661626931,1.6948384999056714,2.1971510765917346,-0.018349397927094557
2025-03-11 07:00:00,77.31233090830332,0.0,0.0,0.024775799329251003
2025-03-11 07:15:00,77.30856460052578,0.0037663077775391685,0.004871548604589631,-4.87154860459027e-05
2025-03-11 07:30:00,76.8114119738868,0.5009189344165179,0.647915964415347,-0.0064307574355817465
2025-03-11 07:45:00,77.18212426799313,0.1302066403101918,0.16841639461708124,0.004826265844876776
2025-03-11 08:00:00,79.26650660089298,0.0,0.0,0.02700602442169675
2025-03-11 08:15:00,79.88256694450949,0.0,0.0,0.007772013300880953
2025-03-11 08:30:00,80.19947484179349,0.0,0.0,0.003967172180435075
2025-03-11 08:45:00,80.9365950782604,0.0,0.0,0.009191085576570224
2025-03-11 09:00:00,102.65610619718643,0.0,0.0,0.2683521724372602
2025-03-11 09:15:00,99.36616769999728,3.289938497189155,3.204815202000448,-0.03204815202000444
2025-03-11 09:30:00,100.93263320496723,1.7234729922192003,1.6788801524467294,0.01576457602450132
2025-03-11 09:45:00,101.45238212827527,1.203724068911157,1.1725791221800193,0.005149463625431894
2025-03-11 10:00:00,100.79367255533286,1.8624336418535705,1.8142453584554674,-0.006492795527556439
2025-03-11 10:15:00,99.1676524862338,3.4884537109526264,3.3981940677272995,-0.016132164131696047
2025-03-11 10:30:00,98.99530518701197,3.660801010174467,3.5660820829718958,-0.0017379386816257503
2025-03-11 10:45:00,98.36276352861105,4.293342668575377,4.182257468765212,-0.00638961269128846
2025-03-11 11:00:00,100.00592809344417,2.650178103742263,2.581607857453392,0.01670514843104387
2025-03-11 11:15:00,98.14439679347126,4.511709403715173,4.394974221064727,-0.018614209531994108
2025-03-11 11:30:00,96.68801699795206,5.96808919923437,5.813671899624361,-0.014839153768338997
2025-03-11 11:45:00,99.06388316994835,3.5922230272380773,3.4992784748117907,0.024572498700088374
2025-03-11 12:00:00,102.50812212874463,0.1479840684418008,0.1441551544508676,0.034767857352083986
2025-03-11 12:15:00,99.11260963150856,3.54349656567787,3.45181275322421,-0.033124326411632876
2025-03-11 12:30:00,101.69150272667218,0.9646034705142483,0.9396454884635844,0.026019828402780387
2025-03-11 12:45:00,103.42309679581801,0.0,0.0,0.017027913077457768
2025-03-11 13:00:00,107.66500597719107,0.0,0.0,0.04101510506640116
2025-03-11 13:15:00,101.53269055566136,6.132315421529711,5.695736851423059,-0.05695736851423061
2025-03-11 13:30:00,104.09263447132932,3.572371505861753,3.3180432894032093,0.025213001858397144
2025-03-11 13:45:00,106.46759830144495,1.1974076757461205,1.1121605064507147,0.022815868213708956
2025-03-11 14:00:00,108.5826876699067,0.0,0.0,0.019866038139352282
2025-03-11 14:15:00,115.2582129036437,0.0,0.0,0.06147872535657539
2025-03-11 14:30:00,119.40266916189634,0.0,0.0,0.03595801248209041
2025-03-11 14:45:00,116.5927765452626,2.8098926166337463,2.3532912926961904,-0.023532912926961913
2025-03-11 15:00:00,103.60897922325113,15.793689938645215,13.227250319865783,-0.1113602206477261
2025-03-11 15:15:00,106.68416035282328,12.718508809073057,10.651779309747436,0.02968064305455531
2025-03-11 15:30:00,104.68818011261972,14.714489049276622,12.323417183685786,-0.01870924637361826
2025-03-11 15:45:00,103.52054971893828,15.882119442958057,13.301310225673198,-0.011153411898318755
2025-03-11 16:00:00,108.48072303738272,10.921946124513624,9.147154080537947,0.04791486648700638
2025-03-11 16:15:00,101.16633975207964,18.236329409816705,15.27296628946404,-0.06742565020314739
2025-03-11 16:30:00,99.94998289683812,19.45268626505822,16.29166785097794,-0.012023335609673613
2025-03-11 16:45:00,102.0840214447954,17.318647717100944,14.504405838381086,0.021351064663611696
2025-03-11 17:00:00,102.31953267566925,17.08313648622709,14.307164660669617,0.0023070332412522543
2025-03-11 17:15:00,106.65438307075887,12.748286091137473,10.676717849458003,0.04236581502800796
2025-03-11 17:30:00,101.78083457286569,17.621834589030655,14.75832551543506,-0.04569477931966348
2025-03-11 17:45:00,102.780629376729,16.622039785167345,13.920995151816717,0.009823016367070059
2025-03-11 18:00:00,92.60943169699354,26.793237464902802,22.439395746316393,-0.0989602587706897
2025-03-11 18:15:00,91.55730106404711,27.84536809784923,23.320557482759536,-0.011360944707973886
2025-03-11 18:30:00,88.48121759259416,30.921451569302178,25.89678420620249,-0.033597358547093226
2025-03-11 18:45:00,85.15157605265236,34.25109310924398,28.685366373848332,-0.03763105470895434
2025-03-11 19:00:00,118.79197965330701,0.6106895085893314,0.5114538166322784,0.39506495546076037
2025-03-11 19:15:00,118.79197965330701,0.6106895085893314,0.5114538166322784,0.0
2025-03-11 19:30:00,118.79197965330701,0.6106895085893314,0.5114538166322784,0.0
2025-03-11 19:45:00,118.79197965330701,0.6106895085893314,0.5114538166322784,0.0
2025-03-11 20:00:00,118.79197965330701,0.6106895085893314,0.5114538166322784,0.0
2025-03-11 20:15:00,118.79197965330701,0.6106895085893314,0.5114538166322784,0.0
2025-03-11 20:30:00,118.79197965330701,0.6106895085893314,0.5114538166322784,0.0
2025-03-11 20:45:00,118.79197965330701,0.6106895085893314,0.5114538166322784,0.0
2025-03-11 21:00:00,118.79197965330701,0.6106895085893314,0.5114538166322784,0.0
2025-03-11 21:15:00,118.79197965330701,0.6106895085893314,0.5114538166322784,0.0
2025-03-11 21:30:00,118.79197965330701,0.6106895085893314,0.5114538166322784,0.0
2025-03-11 21:45:00,118.79197965330701,0.6106895085893314,0.5114538166322784,0.0
2025-03-11 22:00:00,118.79197965330701,0.6106895085893314,0.5114538166322784,0.0
2025-03-11 22:15:00,118.79197965330701,0.6106895085893314,0.5114538166322784,0.0
2025-03-11 22:30:00,118.79197965330701,0.6106895085893314,0.5114538166322784,0.0
2025-03-11 22:45:00,118.79197965330701,0.6106895085893314,0.5114538166322784,0.0
2025-03-11 23:00:00,118.79197965330701,0.6106895085893314,0.5114538166322784,0.0
2025-03-11 23:15:00,118.79197965330701,0.6106895085893314,0.5114538166322784,0.0
2025-03-11 23:30:00,118.79197965330701,0.6106895085893314,0.5114538166322784,0.0
2025-03-11 23:45:00,118.79197965330701,0.6106895085893314,0.5114538166322784,0.0
2025-03-12 00:00:00,118.79197965330701,0.6106895085893314,0.5114538166322784,0.0
2025-03-12 00:15:00,118.79197965330701,0.6106895085893314,0.5114538166322784,0.0
2025-03-12 00:30:00,118.79197965330701,0.6106895085893314,0.5114538166322784,0.0
2025-03-12 00:45:00,118.79197965330701,0.6106895085893314,0.5114538166322784,0.0
2025-03-12 01:00:00,118.79197965330701,0.6106895085893314,0.5114538166322784,0.0
2025-03-12 01:15:00,118.79197965330701,0.6106895085893314,0.5114538166322784,0.0
2025-03-12 01:30:00,118.79197965330701,0.6106895085893314,0.5114538166322784,0.0
2025-03-12 01:45:00,118.79197965330701,0.6106895085893314,0.5114538166322784,0.0
2025-03-12 02:00:00,118.79197965330701,0.6106895085893314,0.5114538166322784,0.0
2025-03-12 02:15:00,118.79197965330701,0.6106895085893314,0.5114538166322784,0.0
2025-03-12 02:30:00,118.79197965330701,0.6106895085893314,0.5114538166322784,0.0
2025-03-12 02:45:00,118.79197965330701,0.6106895085893314,0.5114538166322784,0.0
2025-03-12 03:00:00,118.79197965330701,0.6106895085893314,0.5114538166322784,0.0
2025-03-12 03:15:00,118.79197965330701,0.6106895085893314,0.5114538166322784,0.0
2025-03-12 03:30:00,118.79197965330701,0.6106895085893314,0.5114538166322784,0.0
2025-03-12 03:45:00,118.79197965330701,0.6106895085893314,0.5114538166322784,0.0
2025-03-12 04:00:00,118.79197965330701,0.6106895085893314,0.5114538166322784,0.0
2025-03-12 04:15:00,118.79197965330701,0.6106895085893314,0.5114538166322784,0.0
2025-03-12 04:30:00,118.75803908769177,0.6446300742045707,0.5398791155418194,-0.00028571428571433355
2025-03-12 04:45:00,120.39121382439555,0.0,0.0,0.013752119429134568
2025-03-12 05:00:00,119.76227002063632,0.6289438037592276,0.5224166978469165,-0.005224166978469169
2025-03-12 05:15:00,120.42759900312542,0.0,0.0,0.005555413924389185
2025-03-12 05:30:00,120.94738727069503,0.0,0.0,0.004316188912444563
2025-03-12 05:45:00,122.19383953632689,0.0,0.0,0.010305739493505106
2025-03-12 06:00:00,118.39938518306874,3.7944543532581463,3.105274674776134,-0.031052746747761373
2025-03-12 06:15:00,119.10421807389316,3.089621462433726,2.5284592694341317,0.005953011409093101
2025-03-12 06:30:00,118.68526873023202,3.508570806094866,2.8713156239368405,-0.003517502154300023
2025-03-12 06:45:00,116.26929286256855,5.924546673758343,4.848482293575071,-0.020356156189483943
2025-03-12 07:00:00,117.16436825932333,5.029471277003566,4.115977774401925,0.007698295695431456
2025-03-12 07:15:00,119.16763224253657,3.0262072937903213,2.476562898157123,0.01709789429137154
2025-03-12 07:30:00,121.2582206547016,0.9356188816252882,0.7656841663831497,0.0175432571145675
2025-03-12 07:45:00,126.90208166397235,0.0,0.0,0.04654415163605585
2025-03-12 08:00:00,129.70997788538344,0.0,0.0,0.022126478814163075
2025-03-12 08:15:00,127.67656618265107,2.0334117027323657,1.5676602030794917,-0.015676602030794906
2025-03-12 08:30:00,129.37003635839295,0.3399415269904864,0.2620781627847253,0.013263750947994923
2025-03-12 08:45:00,129.35964059304155,0.3503372923418908,0.2700927854998648,-8.035682484164308e-05
2025-03-12 09:00:00,128.1776420725883,1.5323358127951394,1.1813553882101253,-0.009137305229316106
2025-03-12 09:15:00,125.11193087046266,4.59804701492078,3.544867626902061,-0.023917675130811777
2025-03-12 09:30:00,127.53518377387223,2.174794111511204,1.6766590720051877,0.019368679601936112
2025-03-12 09:45:00,129.2068228423761,0.5031550430073253,0.3879077394122538,0.013107277686350338
2025-03-12 10:00:00,127.78780087191109,1.92217701347235,1.4819037400275075,-0.010982562214970182
2025-03-12 10:15:00,125.3801416165286,4.329836268854834,3.3380903608516825,-0.018841072770285905
2025-03-12 10:30:00,125.39573526455568,4.314242620827756,3.3260684267789955,0.00012437095560779987
2025-03-12 10:45:00,127.4967194420721,2.2132584433113323,1.7063131760511514,0.016754829604721744
2025-03-12 11:00:00,128.51862317611383,1.1913547092696035,0.9184757631539564,0.008015137475800183
2025-03-12 11:15:00,130.2380827652342,0.0,0.0,0.013379069481347594
2025-03-12 11:30:00,131.06662526374012,0.0,0.0,0.006361752882983129
2025-03-12 11:45:00,132.81831172544972,0.0,0.0,0.013364855150460597
2025-03-12 12:00:00,132.11971629383618,0.6985954316135405,0.5259782499401252,-0.005259782499401289
2025-03-12 12:15:00,136.41836526663684,0.0,0.0,0.03253601425574071
2025-03-12 12:30:00,181.62812849151382,0.0,0.0,0.3314052557110776
2025-03-12 12:45:00,174.9493317634895,6.6787967280243095,3.6771819340396728,-0.03677181934039675
2025-03-12 13:00:00,178.2825201816829,3.345608309830908,1.8420100111240338,0.01905230722858353
2025-03-12 13:15:00,186.07755467062077,0.0,0.0,0.043722931900413764
2025-03-12 13:30:00,183.90096866116238,2.17658600945839,1.1697198049013509,-0.01169719804901348
2025-03-12 13:45:00,196.2401310029424,0.0,0.0,0.06709677731233121
2025-03-12 14:00:00,199.5779768804999,0.0,0.0,0.01700898720612587
2025-03-12 14:15:00,199.57642439404515,0.0015524864547558082,0.0007778846539191951,-7.778846539241435e-06
2025-03-12 14:30:00,211.63148171461904,0.0,0.0,0.060403213241120524
2025-03-12 14:45:00,214.07820036719153,0.0,0.0,0.011561222521098369
2025-03-12 15:00:00,288.20889757986924,0.0,0.0,0.3462785892516247
2025-03-12 15:15:00,296.0994498265137,0.0,0.0,0.02737789260811363
2025-03-12 15:30:00,305.12776880033556,0.0,0.0,0.030490833330192313
2025-03-12 15:45:00,308.2661723229526,0.0,0.0,0.010285538857889742
2025-03-12 16:00:00,319.6947463834151,0.0,0.0,0.037073720980612235
2025-03-12 16:15:00,311.33330634140634,8.36144004200878,2.615444931954174,-0.026154449319541695
2025-03-12 16:30:00,306.5709762596411,13.123770123774023,4.105094084978948,-0.015296564757973252
2025-03-12 16:45:00,314.2197212600175,5.475025123397643,1.7125790102385217,0.02494934482610156
2025-03-12 17:00:00,326.81660612087006,0.0,0.0,0.0400894151720943
2025-03-12 17:15:00,334.59261809296646,0.0,0.0,0.023793197244146524
2025-03-12 17:30:00,326.23117805095774,8.361440042008724,2.498991188049911,-0.02498991188049915
2025-03-12 17:45:00,311.41475720330715,23.177860889659314,6.927188358716077,-0.045416936959153054
2025-03-12 18:00:00,324.38835230045123,10.20426579251523,3.0497581957053153,0.04166018082654399
2025-03-12 18:15:00,328.62634245872965,5.966275634236808,1.7831462236800095,0.013064557121807985
2025-03-12 18:30:00,333.0195983225067,1.57301977045978,0.470129849075964,0.013368544441408448
2025-03-12 18:45:00,331.22004334238454,3.3725747505819186,1.0079644822423577,-0.005403750977981181
2025-03-12 19:00:00,338.3469937587086,0.0,0.0,0.021517267929818118
2025-03-12 19:15:00,334.556983340885,3.7900104178236234,1.1201548965221368,-0.011201548965221408
2025-03-12 19:30:00,332.16945495141636,6.177538807292251,1.8257998212621178,-0.007136387845283587
2025-03-12 19:45:00,338.5353488768545,0.0,0.0,0.0191645975587047
2025-03-12 20:00:00,334.7224304041211,3.812918472733429,1.1262984752946479,-0.011262984752946514
2025-03-12 20:15:00,337.1379575273679,1.397391349486611,0.4127756094371479,0.00721650807903873
2025-03-12 20:30:00,344.2012744578319,0.0,0.0,0.0209508207923772
2025-03-12 20:45:00,343.53439552601884,0.6668789318130735,0.19374679331548283,-0.0019374679331548572
2025-03-12 21:00:00,347.7214788956092,0.0,0.0,0.01218825079561281
2025-03-12 21:15:00,344.328541429552,3.3929374660572194,0.975762980427167,-0.00975762980427164
2025-03-12 21:30:00,343.12968655594915,4.59179233966006,1.3205374468795985,-0.0034817179796526876
2025-03-12 21:45:00,342.9082420251563,4.813236870452897,1.3842219024663407,-0.0006453668670161061
2025-03-12 22:00:00,350.6918900155556,0.0,0.0,0.02269892360834036
2025-03-12 22:15:00,353.13796121201557,0.0,0.0,0.00697498649413153
2025-03-12 22:30:00,356.121099029134,0.0,0.0,0.008447513846655985
2025-03-12 22:45:00,357.13668946346036,0.0,0.0,0.002851812029939005
2025-03-12 23:00:00,355.1742327595367,1.9624567039236354,0.5494973666446611,-0.005494973666446579
2025-03-12 23:15:00,352.04855593409167,5.08813352936869,1.4247019921175785,-0.008800404244305726
2025-03-12 23:30:00,358.0657383570169,0.0,0.0,0.017091910537624155
2025-03-12 23:45:00,357.966470119075,0.09926823794194206,0.02772346731564822,-0.0002772346731564346
2025-03-13 00:00:00,357.2028682887546,0.8628700682623389,0.2409809082046259,-0.0021331657964120954
2025-03-13 00:15:00,358.71479991278926,0.0,0.0,0.004232697322050782
2025-03-13 00:30:00,361.6190322074411,0.0,0.0,0.008096215420601238
2025-03-13 00:45:00,352.15546019033644,9.463572017104639,2.6170005376475607,-0.026170005376475625
2025-03-13 01:00:00,358.0148315683289,3.6042006391122072,0.9966844436010421,0.01663859300896675
2025-03-13 01:15:00,356.8108860158569,4.8081461915841714,1.329616464662734,-0.0033628370847038624
2025-03-13 01:30:00,358.55444352842187,3.0645886790192094,0.8474633263387593,0.0048865031334484055
2025-03-13 01:45:00,364.077830101073,0.0,0.0,0.015404596630562484
2025-03-13 02:00:00,370.2324608534558,0.0,0.0,0.016904711694953223
2025-03-13 02:15:00,365.00178831576085,5.230672537694943,1.4128076521537993,-0.014128076521538024
2025-03-13 02:30:00,364.8847027017782,5.347758151677567,1.444432543637577,-0.000320780932397291
2025-03-13 02:45:00,360.66452991954054,9.56793093391525,2.584303632333956,-0.011565770642039896
2025-03-13 03:00:00,365.32250108449523,4.909959768960562,1.326182949394058,0.012914968838199314
2025-03-13 03:15:00,363.2913202158428,6.941140637612989,1.8748060668727826,-0.0055599665025358735
2025-03-13 03:30:00,355.9251078926851,14.307352960770686,3.8644242397842516,-0.02027632347170094
2025-03-13 03:45:00,355.32949846503533,14.902962388420463,4.025298687766686,-0.0016734122275784413
2025-03-13 04:00:00,356.2458206614199,13.986640192035907,3.777799537024403,0.002578795738442441
2025-03-13 04:15:00,352.34890598735115,17.883554866104646,4.830358425320047,-0.0109388361857371
2025-03-13 04:30:00,348.77270408201707,21.45975677143872,5.796292610855873,-0.01014960411275534
2025-03-13 04:45:00,348.1898213515393,22.042639501916483,5.953729570633551,-0.001671239531235491
2025-03-13 05:00:00,350.0860992301684,20.14636162328742,5.44154382812524,0.0054461037122464084
2025-03-13 05:15:00,352.1249161171237,18.107544736332102,4.890858217723748,0.005823758473811447
2025-03-13 05:30:00,343.04823569404834,27.184225159407447,7.342474805354094,-0.02577687635161907
2025-03-13 05:45:00,344.7510677756628,25.481393077792973,6.882538883558062,0.0049638269620286835
2025-03-13 06:00:00,339.62475415477843,30.60770669867736,8.267159132432853,-0.01486960911813684
2025-03-13 06:15:00,341.3657663279089,28.866694525546905,7.796910746022571,0.005126281732505955
2025-03-13 06:30:00,342.0097372048125,28.222723648643296,7.622973842862018,0.0018864541803087498
2025-03-13 06:45:00,348.02182894886863,22.21063190458716,5.99910441493635,0.017578715135983858
2025-03-13 07:00:00,345.4968522299425,24.735608623513315,6.6811020747594805,-0.0072552251292752334
2025-03-13 07:15:00,351.5114893134332,18.720971540022617,5.056545149192818,0.017408659571484852
2025-03-13 07:30:00,347.428764860653,22.803695992802773,6.1592913652778964,-0.011614768156666733
2025-03-13 07:45:00,344.67470759263074,25.557753260825052,6.903163812786593,-0.00792696963110373
2025-03-13 08:00:00,343.18822936294043,27.044231490515358,7.304662435101799,-0.0043126988924501175
2025-03-13 08:15:00,331.9480104206235,38.28445043283227,10.340652017540378,-0.03275234399263083
2025-03-13 08:30:00,332.2636325104892,37.96882834296662,10.25540231006252,0.0009508178388106803
2025-03-13 08:45:00,339.98110167559463,30.25135917786116,8.170909462699749,0.023226945142309052
2025-03-13 09:00:00,344.96487628815237,25.267584565303423,6.824789081718244,0.014658975419501896
2025-03-13 09:15:00,346.74915923166793,23.48330162178786,6.342853235411723,0.005172361205913356
2025-03-13 09:30:00,348.77524942145163,21.457211432004158,5.7956051132148785,0.005843100511831567
2025-03-13 09:45:00,351.82456606386427,18.407894789591523,4.971982939355951,0.00874292727901671
2025-03-13 10:00:00,349.46758174760873,20.764879105847058,5.608605754876298,-0.006699317056295895
2025-03-13 10:15:00,348.3679951119474,21.86446574150841,5.905604735767006,-0.0031464624849107947
2025-03-13 10:30:00,342.95660347440975,27.275857379046045,7.36722472042836,-0.015533549905463295
2025-03-13 10:45:00,345.4306734046479,24.801787448807886,6.698977013424236,0.0072139445783343525
2025-03-13 11:00:00,339.9352855657753,30.29717528768049,8.18328442023689,-0.015908800989526295
2025-03-13 11:15:00,337.3492207004233,32.88324015303249,8.881782023442893,-0.007607521122874439
2025-03-13 11:30:00,337.46376097497136,32.768699878484426,8.850844629600111,0.00033953027758659715
2025-03-13 11:45:00,340.11855000505216,30.113910848403634,8.133784590088448,0.00786688627665022
2025-03-13 12:00:00,336.68997778691346,33.54248306654233,9.059843912449105,-0.0100805210950351
2025-03-13 12:15:00,347.5636678506764,22.66879300277941,6.122853990307483,0.03229585310271621
2025-03-13 12:30:00,340.76761156082455,29.464849292631243,7.958472691645999,-0.019553414002903224
2025-03-13 12:45:00,328.1529093239308,42.07955152952496,11.365711000197996,-0.03701848946005859
2025-03-13 13:00:00,330.1993622291898,40.03309862426602,10.812962896873538,0.00623627841506913
2025-03-13 13:15:00,338.158638640563,32.073822212892765,8.663157773620537,0.024104457251642897
2025-03-13 13:30:00,324.99414308583886,45.238317767616934,12.218895572617825,-0.03892994012409967
2025-03-13 13:45:00,309.34794158257324,60.88451927088255,16.444943571542115,-0.04814302607026699
2025-03-13 14:00:00,316.2687195047106,53.9637413487452,14.575637485797053,0.022372147966240874
2025-03-13 14:15:00,312.7663324429741,57.4661284104817,15.521634239745325,-0.01107408619866479
2025-03-13 14:30:00,315.9861868274919,54.246274025963885,14.65194972394262,0.010294760178846563
2025-03-13 14:45:00,315.3523973083261,54.8800635451297,14.823136636539319,-0.002005750711855714
2025-03-13 15:00:00,306.4258919118803,63.806568941575506,17.23419086335361,-0.028306445337462183
2025-03-13 15:15:00,304.7536039034786,65.47885694997717,17.685876813458236,-0.005457397865329727
2025-03-13 15:30:00,300.5512484972817,69.68121235617411,18.82093541866798,-0.013789354259869269
2025-03-13 15:45:00,291.15894598434033,79.07351486911546,21.357801713776276,-0.031250252860041905
2025-03-13 16:00:00,288.7128747878804,81.51958606557537,22.018486946729986,-0.008401154181233661
2025-03-13 16:15:00,288.62887858654545,81.60358226691034,22.041174368881286,-0.00029093334128826864
2025-03-13 16:30:00,290.44625094270793,79.78620991074786,21.550301053242485,0.00629657144864515
2025-03-13 16:45:00,286.9362278626685,83.2962329907873,22.49836030011354,-0.012084931613497774
2025-03-13 17:00:00,279.4503845860937,90.78207626736207,24.52029086214975,-0.026088874633695913
2025-03-13 17:15:00,274.4666099735356,95.76585087992021,25.86641124313136,-0.017834202017434464
2025-03-13 17:30:00,268.23052835925205,102.00193249420374,27.55078046346072,-0.0227207295447881
2025-03-13 17:45:00,266.1789847751247,104.05347607833107,28.104903562066962,-0.0076484343399555454
2025-03-13 18:00:00,282.80768730006906,87.42477355338673,23.613481473735746,0.06247188349220245
2025-03-13 18:15:00,287.63365086769437,82.59880998576142,22.309985946493065,0.01706447096151531
2025-03-13 18:30:00,283.65273999229066,86.57972086116513,23.385232256940007,-0.013840212587764467
2025-03-13 18:45:00,285.26903053313555,84.96343032032024,22.948671254936283,0.005698131246286708
2025-03-13 19:00:00,283.5381997177426,86.69426113571319,23.416169650782788,-0.006067363191013864
2025-03-13 19:15:00,279.0405849371549,91.19187591630089,24.630977982342873,-0.01586246504021327
2025-03-13 19:30:00,273.6470106756584,96.58545017779738,26.087785483517482,-0.019328995682514227
2025-03-13 19:45:00,269.8264561846217,100.4060046688341,27.11971944258461,-0.013961616030825352
2025-03-13 20:00:00,275.3320253812321,94.9004354722237,25.6326620452081,0.020404111866789476
2025-03-13 20:15:00,281.32884508868204,88.90361576477375,24.012917603128077,0.021780320321061808
2025-03-13 20:30:00,274.13317050762925,96.09929034582655,25.956473434095845,-0.0255774503989612
2025-03-13 20:45:00,274.1560785625387,96.07638229091708,25.950285955327328,8.356542503418218e-05
2025-03-13 21:00:00,275.98872295530776,94.24373789814803,25.455287653842777,0.0066846753950451365
2025-03-13 21:15:00,280.76123439481046,89.47122645864533,24.16622957706011,0.01729241466244802
2025-03-13 21:30:00,284.238168062203,85.9942927912528,23.227107799521335,0.012383952061213677
2025-03-13 21:45:00,285.0399499840394,85.19251086941637,23.01054604262185,0.002820810193446599
2025-03-13 22:00:00,288.3717993036708,81.860661549785,22.110611630617342,0.011689060848550925
2025-03-13 22:15:00,291.2938489743637,78.9386118790921,21.32136433880586,0.010132924501455198
2025-03-13 22:30:00,293.3555739162289,76.87688693722691,20.764491249635743,0.007077818323745655
2025-03-13 22:45:00,299.5585661178651,70.6738947355907,19.08905949863878,0.021144961109235805
2025-03-13 23:00:00,298.70587740734067,71.52658344611513,19.319371208357268,-0.002846484150244355
2025-03-13 23:15:00,292.2992580509523,77.9332028025035,21.049802770630308,-0.021447918641559816
2025-03-13 23:30:00,291.6705592106552,78.56190164280059,21.219614687945125,-0.0021508738834619123
2025-03-13 23:45:00,292.9254115518148,77.30704930164097,20.88067835095648,0.004302293466147633
2025-03-14 00:00:00,290.1968076781365,80.03565317531928,21.61767582205568,-0.009315012511967202
2025-03-14 00:15:00,294.83696146705046,75.39549938640533,20.36436762260242,0.015989678956290998
2025-03-14 00:30:00,303.39439264550805,66.83806820794774,18.053000553725994,0.029024282219832553
2025-03-14 00:45:00,302.40934628439476,67.82311456906103,18.319062140773916,-0.0032467520329693134
2025-03-14 01:00:00,300.2992598932761,69.9332009601797,18.88899768512206,-0.006977583256088549
2025-03-14 01:15:00,300.635244698617,69.5972161548388,18.798247996516583,0.0011188332780449617
2025-03-14 01:30:00,310.48570830975063,59.746752543705156,16.13763212603714,0.032765498340052046
2025-03-14 01:45:00,304.96741241596817,65.26504843748762,17.628127011618417,-0.017773107573367697
2025-03-14 02:00:00,308.1134519568885,62.119008896567266,16.778379927403233,0.010315985947473072
2025-03-14 02:15:00,311.8067394762048,58.425721377250966,15.780820850383739,0.011986777908784996
2025-03-14 02:30:00,311.2976715893245,58.93478926413127,15.918320378573894,-0.0016326391396653817
2025-03-14 02:45:00,321.18631529197415,49.04614556148164,13.247392043480197,0.031765877502916595
2025-03-14 03:00:00,317.79846850478606,52.43399234866973,14.162451403585594,-0.01054791759763607
2025-03-14 03:15:00,315.6298393066757,54.602621546780085,14.748199393675726,-0.006823913306799656
2025-03-14 03:30:00,310.66133673072414,59.571124122731646,16.090194788811587,-0.01574154898302882
2025-03-14 03:45:00,312.67979090220456,57.55266995125123,15.545009159537617,0.006497281550133627
2025-03-14 04:00:00,315.53820708703745,54.69425376641834,14.772949308749899,0.009141672305028825
2025-03-14 04:15:00,315.5127536926935,54.71970716076231,14.779824285159396,-8.066660002581383e-05
2025-03-14 04:30:00,312.8426926260061,57.38976822744968,15.501009310516809,-0.008462608992624077
2025-03-14 04:45:00,313.98300469261807,56.249456160837724,15.19301036737084,0.0036450014447841905
2025-03-14 05:00:00,311.07113637966296,59.16132447379283,15.979507668618467,-0.009273967920033654
2025-03-14 05:15:00,314.86623747635525,55.36622337710054,14.954448685960958,0.012200106833635482
2025-03-14 05:30:00,317.73228967949143,52.50017117396436,14.180326342250366,0.009102443711042296
2025-03-14 05:45:00,319.0736835614209,51.15877729203487,13.818015085469334,0.004221773881661894
2025-03-14 06:00:00,316.61234032835483,53.62012052510096,14.482825304268687,-0.0077140276991608525
2025-03-14 06:15:00,311.4173025427413,58.81515831071448,15.88600798944923,-0.016408197419676696
2025-03-14 06:30:00,310.3915307506778,59.840930102777975,16.16306953875231,-0.003293881822519218
2025-03-14 06:45:00,316.1058177809091,54.1266430725467,14.619637334817847,0.01840993217956477
2025-03-14 07:00:00,315.58656853629094,54.64589231716485,14.75988685357187,-0.0016426437458928467
2025-03-14 07:15:00,317.0425026927685,53.1899581606873,14.36663820294806,0.004613422438192627
2025-03-14 07:30:00,324.83378670147147,45.39867415198432,12.262207923997751,0.02457488804349106
2025-03-14 07:45:00,319.3740336146804,50.85842723877539,13.736890363837114,-0.01680783622366444
2025-03-14 08:00:00,323.27603896761786,46.956421885837926,12.682956480259591,0.012217666254123793
2025-03-14 08:15:00,327.13222821073606,43.10023264271973,11.641397554219193,0.011928472198041495
2025-03-14 08:30:00,328.2318148463974,42.00064600705838,11.344398573328485,0.00336129106470362
2025-03-14 08:45:00,330.51752965849,39.7149311949658,10.727025691754683,0.006963721091942876
2025-03-14 09:00:00,331.47712262525926,38.755338228196536,10.467839081116269,0.0029033043051023277
2025-03-14 09:15:00,337.8379258718283,32.39453498162749,8.74978247638037,0.019189267712330427
2025-03-14 09:30:00,337.5604838734787,32.6719769799771,8.824719719243964,-0.0008212281011187317
2025-03-14 09:45:00,334.91587620113575,35.316584652320046,9.539029768191758,-0.007834470557679829
2025-03-14 10:00:00,332.5487105271424,37.68375032631337,10.178402574275957,-0.0070679410628229355
2025-03-14 10:15:00,339.8029279151865,30.42953293826929,8.21903429756631,0.02181399944851692
2025-03-14 10:30:00,341.1494124759847,29.083048377471073,7.855348045503398,0.003962545493823022
2025-03-14 10:45:00,341.658480362865,28.57398049059077,7.717848517313243,0.0014922138753972192
2025-03-14 11:00:00,341.8112007289291,28.42126012452667,7.676598658856193,0.0004469971472738088
2025-03-14 11:15:00,449.00929943520697,0.0,0.0,0.31361786412403303
2025-03-14 11:30:00,447.13477764136223,1.8745217938447354,0.417479503476349,-0.004174795034763479
2025-03-14 11:45:00,448.0334681310039,0.9758313042030977,0.21732986497842288,0.0020098872523006683
2025-03-14 12:00:00,441.5844960336623,7.424803401544693,1.6535967987487328,-0.014393951693483564
2025-03-14 12:15:00,442.1669091836019,6.842390251605082,1.5238860888208516,0.0013189166629963278
2025-03-14 12:30:00,447.061493867529,1.9478055676779604,0.4338007186327848,0.011069540895686458
2025-03-14 12:45:00,441.1987919608548,7.810507474352164,1.739497931151254,-0.013113860144733036
2025-03-14 13:00:00,442.1784803057856,6.830819129421343,1.5213090548488841,0.002220514567994991
2025-03-14 13:15:00,444.6585574939381,4.350741941268893,0.9689647735005799,0.005608769532242652
2025-03-14 13:30:00,446.89178407549394,2.1175153597130247,0.47159721688984463,0.005022340274169368
2025-03-14 13:45:00,434.31783130196897,14.691468133238004,3.2719741332123604,-0.02813645992516356
2025-03-14 14:00:00,457.8110663766744,0.0,0.0,0.05409226465392636
2025-03-14 14:15:00,465.2242986560347,0.0,0.0,0.016192776505015605
2025-03-14 14:30:00,452.31478333916726,12.909515316867441,2.774901344181968,-0.02774901344181968
2025-03-14 14:45:00,436.7284817570159,28.49581689901879,6.125178108997973,-0.034458970071875816
2025-03-14 15:00:00,408.78036464138313,56.443934014651575,12.132628105993149,-0.06399426252941842
2025-03-14 15:15:00,382.57948697556856,82.64481168046615,17.764508844274683,-0.06409524510503384
2025-03-14 15:30:00,375.79495233488456,89.42934632115015,19.222845104930787,-0.017733660250104477
2025-03-14 15:45:00,390.58670352705275,74.63759512898196,16.043357009640104,0.03936122904329675
2025-03-14 16:00:00,399.2534740430375,65.9708246129972,14.180433997875285,0.02218910791822304
2025-03-14 16:15:00,403.10665773038437,62.117640925650335,13.352191857798305,0.00965097096921319
2025-03-14 16:30:00,400.1830208585038,65.04127779753088,13.980627835954756,-0.0072527625525748984
2025-03-14 16:45:00,388.80475071068213,76.41954794535258,16.426387909255283,-0.028432665942228486
2025-03-14 17:00:00,397.332667760456,67.89163089557871,14.593311461096887,0.021933675023738664
2025-03-14 17:15:00,403.9552066905609,61.26909196547382,13.16979619131488,0.01666749166997139
2025-03-14 17:30:00,410.14190001839376,55.08239863764095,11.839965968408354,0.015315295422276831
2025-03-14 17:45:00,404.94260911694835,60.28168953908636,12.957553961225024,-0.01267680990704001
2025-03-14 18:00:00,403.122085893297,62.10221276273768,13.348875572953075,-0.004495756145843299
2025-03-14 18:15:00,407.3185462054429,57.90575245059182,12.446846095071368,0.010409899281124124
2025-03-14 18:30:00,394.73302230973354,70.49127634630116,15.152105457505167,-0.030898479857977
2025-03-14 18:45:00,396.83896654726226,68.38533210877245,14.699432576141813,0.005335110361950557
2025-03-14 19:00:00,384.8898543716859,80.33444428434882,17.267895188712913,-0.030110733024886205
2025-03-14 19:15:00,394.62888221007563,70.59541644595907,15.174490380209923,0.02530341532199709
2025-03-14 19:30:00,397.4445219415705,67.77977671446422,14.569268395969456,0.007134905371665168
2025-03-14 19:45:00,397.6875155074388,67.53678314859593,14.517036909658387,0.000611389898346637
2025-03-14 20:00:00,408.12466771761035,57.099630938424355,12.273570211912164,0.02624460613719304
2025-03-14 20:15:00,417.05757404383263,48.166724612202074,10.353441286568378,0.021887690288799444
2025-03-14 20:30:00,409.8526219637881,55.37167669224658,11.902146309254976,-0.017275677336787254
2025-03-14 20:45:00,414.04522523520575,51.179073420828956,11.000945902584593,0.010229538733530497
2025-03-14 21:00:00,419.769073675669,45.4552249803657,9.770604225032791,0.013824210718072383
2025-03-14 21:15:00,410.1496140998498,55.07468455618488,11.838307825985792,-0.02291607500187487
2025-03-14 21:30:00,412.27098650029114,52.95331215574356,11.382318659777225,0.005172191628406209
2025-03-14 21:45:00,411.1177313225969,54.106567333437795,11.63021095195238,-0.002797323157479603
2025-03-14 22:00:00,412.0009936493259,53.22330500670881,11.440353644567404,0.0021484413330641328
2025-03-14 22:15:00,406.4777113267224,58.74658732931232,12.627583619132245,-0.013405992722689053
2025-03-14 22:30:00,404.61861769579025,60.605680960244456,13.027195942973197,-0.004573666843537771
2025-03-14 22:45:00,402.2156813221993,63.00861733383539,13.54370730760584,-0.00593876867870069
2025-03-14 23:00:00,409.29335105821724,55.930947597817465,12.022361634891778,0.01759670262668922
2025-03-14 23:15:00,408.8227920893922,56.401506566642524,12.123508322668929,-0.0011496863254886192
2025-03-14 23:30:00,419.04009297806306,46.18420567797165,9.927298683966228,0.024992004081897612
2025-03-14 23:45:00,419.60707796508996,45.61722069094475,9.805425215906878,0.0013530566562196533
2025-03-15 00:00:00,412.976824953529,52.247473702505715,11.230598628111444,-0.015801099075150926
2025-03-15 00:15:00,410.28075348460413,54.94354517143057,11.810119404802045,-0.006528384417765376
2025-03-15 00:30:00,410.9480215305613,54.27627712547343,11.666690085249137,0.0016263693587619255
2025-03-15 00:45:00,407.79681925572396,57.427479400310744,12.34404126487167,-0.007668128594708334
2025-03-15 01:00:00,401.278420425277,63.94587823075773,13.745171611948917,-0.015984427839196513
2025-03-15 01:15:00,405.66001869237056,59.56427996366415,12.803346715925349,0.010919097674003897
2025-03-15 01:30:00,412.98068199425677,52.243616661777935,11.229769556900218,0.018046302234772993
2025-03-15 01:45:00,405.5404504298,59.683848226234716,12.829047923475336,-0.018015931225955573
2025-03-15 02:00:00,404.0362045458507,61.18809411018401,13.152385695877774,-0.00370923759234143
2025-03-15 02:15:00,407.6348235451449,57.58947511088979,12.378862255745757,0.008906674596993458
2025-03-15 02:30:00,403.87035179454335,61.35394686149135,13.188035757963195,-0.009234912066301004
2025-03-15 02:45:00,397.79165560709725,67.43264304893745,14.494651986953508,-0.015051107763756955
2025-03-15 03:00:00,397.79936968855327,67.42492896748143,14.492993844530961,1.9392265642848017e-05
2025-03-15 03:15:00,394.2856055852766,70.93869307075812,15.248277718014661,-0.008833005708449693
2025-03-15 03:30:00,402.2503946887518,62.97390396728292,13.536245666704291,0.020200557643113237
2025-03-15 03:45:00,400.3180172839865,64.90628137204823,13.951610343559661,-0.004803916740120373
2025-03-15 04:00:00,404.51447759613177,60.709821059902936,13.049580865678076,0.010482816488292857
2025-03-15 04:15:00,403.74306945051677,61.481229205517934,13.215395107935732,-0.0019069976189707294
2025-03-15 04:30:00,398.0577914173342,67.16650723870049,14.43744607337466,-0.014081425697090144
2025-03-15 04:45:00,401.35170419911015,63.87259445692456,13.729419258934495,0.00827496120612925
2025-03-15 05:00:00,402.8713782459721,62.35292041006261,13.402765201686826,0.0037863899192716044
2025-03-15 05:15:00,406.28485929031865,58.939439365716055,12.669037179696657,0.008472880499002411
2025-03-15 05:30:00,405.96858195061657,59.25571670541814,12.737021019022283,-0.0007784620383209928
2025-03-15 05:45:00,408.86521953740066,56.35907911863404,12.114388539344832,0.007135127484166892
2025-03-15 06:00:00,410.2190408329553,55.00525782307943,11.823384544182584,0.0033111676681287783
2025-03-15 06:15:00,408.834363211576,56.38993544445873,12.121021109035157,-0.0033754591658341493
2025-03-15 06:30:00,411.61914661724666,53.60515203878805,11.522431694484904,0.006811519911865904
2025-03-15 06:45:00,411.6770022281678,53.54729642786691,11.509995626315577,0.00014055617042263435
2025-03-15 07:00:00,414.8706319510136,50.35366670502111,10.823524663368945,0.007757610227339784
2025-03-15 07:15:00,420.3746290699773,44.849669586057416,9.640440044860423,0.013266779316434274
2025-03-15 07:30:00,418.55796288705363,46.66633576898107,10.030932585377274,-0.004321540971544358
2025-03-15 07:45:00,425.11493212478143,40.10936653125327,8.621511526187131,0.015665618191803787
2025-03-15 08:00:00,426.9470264706171,38.27727218541759,8.227702700825184,0.004309644774599164
2025-03-15 08:15:00,425.54692068632573,39.67737796970897,8.528655550522863,-0.0032793430975862625
2025-03-15 08:30:00,418.7508149234574,46.47348373257728,9.98947902481285,-0.01597028537277978
2025-03-15 08:45:00,422.88170554322613,42.34259311280857,9.101543757523018,0.009864794222606443
2025-03-15 09:00:00,425.5777770121504,39.646521643884284,8.52202298083254,0.0063754743550823445
2025-03-15 09:15:00,428.1889935850572,37.03530507097753,7.960741770790376,0.00613569766551092
2025-03-15 09:30:00,422.66956830318196,42.554730352852744,9.147142674143884,-0.012890161504767406
2025-03-15 09:45:00,420.08535101537166,45.13894764066305,9.702620385707045,-0.006114036783354648
2025-03-15 10:00:00,423.50654614117417,41.717752514860535,8.967234221294342,0.008144047673962707
2025-03-15 10:15:00,429.8436640574018,35.38063459863292,7.605070221147611,0.01496344737517985
2025-03-15 10:30:00,425.53534956414137,39.688949091893335,8.531142764156758,-0.010022980105355406
2025-03-15 10:45:00,422.2992923932865,42.925006262748184,9.22673351042761,-0.007604672970575543
2025-03-15 11:00:00,422.025442501593,43.19885615444173,9.285597566429125,-0.000648473479890388
2025-03-15 11:15:00,418.71224451617667,46.51205413985804,9.997769736925735,-0.007850706738856905
2025-03-15 11:30:00,415.35276204202296,49.871536614011745,10.719890761957911,-0.008023368120116947
2025-03-15 11:45:00,415.17148112780353,50.052817528231174,10.758857108888439,-0.0004364504844706074
2025-03-15 12:00:00,413.1812481121171,52.043050543917616,11.186657853913138,-0.004793761388137807
2025-03-15 12:15:00,410.7281702090611,54.496128446973614,11.713947144292549,-0.005937050421006451
2025-03-15 12:30:00,410.9248792861932,54.29941936984153,11.67166451251679,0.000478927649476768
2025-03-15 12:45:00,413.6942345289507,51.53006412708402,11.076391382811877,0.006739322397729008
2025-03-15 13:00:00,407.7543918077149,57.469906848319795,12.35316104819589,-0.01435805052492245
2025-03-15 13:15:00,407.58468201567985,57.63961664035486,12.389640181492524,-0.00041620592063440487
2025-03-15 13:30:00,401.50212878750546,63.72216986852925,13.697085481694169,-0.014923409776082752
2025-03-15 13:45:00,401.61012592789166,63.614172728143046,13.673871487778074,0.0002689827341946227
2025-03-15 14:00:00,405.22031604936967,60.00398260666503,12.897860834012285,0.008989290579108022
2025-03-15 14:15:00,412.205416807914,53.018881848120714,11.3964128703691,0.01723778517978669
2025-03-15 14:30:00,410.55074633556944,54.67355232046526,11.752084420011851,-0.004014189054472372
2025-03-15 14:45:00,413.10796433828335,52.11633431775135,11.202410206927683,0.0062287501010258595
2025-03-15 15:00:00,406.14214878338,59.082149872654725,12.699712814514303,-0.01686197351837848
2025-03-15 15:15:00,407.222120187241,58.002178468793716,12.46757287535358,0.0026590970848412443
2025-03-15 15:30:00,405.68316093673866,59.541137719296046,12.798372288657692,-0.003779164181441641
2025-03-15 15:45:00,405.87601297314245,59.348285682892254,12.75691872809327,0.0004753759952926817
2025-03-15 16:00:00,407.0601244766614,58.16417417937333,12.50239386622779,0.00291742173883347
2025-03-15 16:15:00,408.0320987401368,57.1921999158979,12.293467920983028,0.0023877904148068563
2025-03-15 16:30:00,403.95906373128923,61.26523492474547,13.168967120103533,-0.009982143614249206
2025-03-15 16:45:00,405.085319623887,60.13897903214769,12.92687832640738,0.0027880446156964833
2025-03-15 17:00:00,403.33808017406886,61.88621848196584,13.30244758512101,-0.004313262824336417
2025-03-15 17:15:00,399.93231321117895,65.29198544485575,14.034517464688495,-0.008443950944131196
2025-03-15 17:30:00,402.2966791774886,62.92761947854609,13.526296812168844,0.00591191531218227
2025-03-15 17:45:00,402.81737967577874,62.406918980255966,13.414372198644928,0.0012943196532337886
2025-03-15 18:00:00,401.2321359365402,63.9921627194945,13.75512046648435,-0.003935390624194235
2025-03-15 18:15:00,404.9811795242291,60.2431191318056,12.949263249112139,0.009343826807237221
2025-03-15 18:30:00,411.4262945808429,53.798004075191784,11.563885255049316,0.015914603893903312
2025-03-15 18:45:00,410.23061195513964,54.99368670089507,11.82089733054869,-0.002906189131449244
2025-03-15 19:00:00,410.7860258199822,54.43827283605248,11.701511076123221,0.001353906433738672
2025-03-15 19:15:00,410.11104369256907,55.113254963465636,11.846598538098679,-0.0016431477338252343
2025-03-15 19:30:00,407.9318156812066,57.29248297482809,12.315023772476575,-0.005313751104435216
2025-03-15 19:45:00,407.2105490650567,58.01374959097802,12.470060088987463,-0.00176810581676623
2025-03-15 20:00:00,403.64278639158715,61.581512264447554,13.236950959429159,-0.00876146917524856
2025-03-15 20:15:00,402.7170966168491,62.507202039185586,13.435928050138351,-0.0022933390759025674
2025-03-15 20:30:00,404.3370537226407,60.887244933394015,13.087718141397259,0.004022568496347745
2025-03-15 20:45:00,403.97834893492956,61.24594972110515,13.164821764047103,-0.0008871430021281101
2025-03-15 21:00:00,408.3753753649353,56.848923291099425,12.219680583178413,0.01088431209642371
2025-03-15 21:15:00,404.2213425007984,61.00295615523629,13.112590277735912,-0.01017209438846478
2025-03-15 21:30:00,403.2725104816917,61.951788174342994,13.316541795712883,-0.0023473080694763615
2025-03-15 21:45:00,404.09406015677183,61.13023849926287,13.13994962770845,0.0020372072326448887
2025-03-15 22:00:00,405.04674921660626,60.17754943942845,12.935169038520264,0.0023575923374494767
2025-03-15 22:15:00,403.0179457936391,62.20635286239559,13.371260495657836,-0.005008812999711787
2025-03-15 22:30:00,406.48542540817846,58.73887324785625,12.625925476709687,0.008603784647135404
2025-03-15 22:45:00,404.38719525210576,60.83710340392895,13.07694021565049,-0.005161882874313961
2025-03-15 23:00:00,405.7101602218351,59.514138434199594,12.79256879017869,0.003271530318621041
2025-03-15 23:15:00,407.2182631465127,58.00603550952201,12.468401946564915,0.0037171928941908128
2025-03-15 23:30:00,404.7497570805446,60.47454157549009,12.999007521789435,-0.006061874648976451
2025-03-15 23:45:00,405.6021630814494,59.622135574585286,12.815782784094672,0.002106007442853608
2025-03-16 00:00:00,405.88372705459847,59.34057160143624,12.755260585670722,0.0006941875531676356
2025-03-16 00:15:00,408.4023746500317,56.82192400600303,12.213877084699423,0.006205342632754629
2025-03-16 00:30:00,407.0022688657403,58.222029790294414,12.514829934397104,-0.003428250840831093
2025-03-16 00:45:00,409.031072288708,56.1932263673267,12.078738477259412,0.004984747206991491
2025-03-16 01:00:00,412.35969843703697,52.86460021899774,11.363250021917572,0.00813783199819973
2025-03-16 01:15:00,411.84285497947457,53.38144367656014,11.474345564230278,-0.0012533801424372548
2025-03-16 01:30:00,418.7508149234574,46.47348373257728,9.98947902481285,0.016773290735679014
2025-03-16 01:45:00,584.1393141039271,0.0,0.0,0.39495684136328335
2025-03-16 02:00:00,580.7289347303292,3.4103793735978343,0.5838297973197327,-0.005838297973197348
2025-03-16 02:15:00,588.1023242957287,0.0,0.0,0.01269678351539949
2025-03-16 02:30:00,592.5781360575745,0.0,0.0,0.007610600361434905
2025-03-16 02:45:00,588.7893788264677,3.7887572311068425,0.6393683803984845,-0.006393683803984862
2025-03-16 03:00:00,591.5824048536043,0.9957312039701947,0.1680337399207469,0.004743675968991612
2025-03-16 03:15:00,596.4017438808202,0.0,0.0,0.008146521917616
2025-03-16 03:30:00,601.8483935665369,0.0,0.0,0.009132518041069071
2025-03-16 03:45:00,607.4095523407102,0.0,0.0,0.009240132288495628
2025-03-16 04:00:00,608.4849420409984,0.0,0.0,0.00177045240092788
2025-03-16 04:15:00,605.0695840113804,3.4153580296180053,0.5612888329104923,-0.0056128883291048925
2025-03-16 04:30:00,610.0980265914297,0.0,0.0,0.008310519505397629
2025-03-16 04:45:00,610.8896328985866,0.0,0.0,0.0012975067491685088
2025-03-16 05:00:00,607.384659060611,3.5049738379755127,0.5737491110046995,-0.005737491110046955
2025-03-16 05:15:00,611.1385656995791,0.0,0.0,0.006180443616692344
2025-03-16 05:30:00,607.2104060999162,3.9281595996628766,0.6427608761960973,-0.006427608761961023
2025-03-16 05:45:00,610.1179412155096,1.020624484069458,0.16700377645143938,0.004788348629050088
2025-03-16 06:00:00,609.8590511024776,1.2795145971015245,0.2093657099903106,-0.0004243279791383836
2025-03-16 06:15:00,606.6229246895743,4.515641010004742,0.7388898792265913,-0.0053063513725886136
2025-03-16 06:30:00,605.5674496133654,5.571116086213692,0.9115962236545088,-0.0017399195336197382
2025-03-16 06:45:00,602.0375824952913,9.100983204287786,1.489184894406027,-0.005829023868980765
2025-03-16 07:00:00,593.1158309077185,18.022734791860557,2.9490422963619833,-0.014819260203979945
2025-03-16 07:15:00,598.2040173600061,12.934548339572984,2.116467371808981,0.008578739914091527
2025-03-16 07:30:00,608.2808171441842,2.857748555394892,0.46761057406409723,0.016845088785342854
2025-03-16 07:45:00,604.7260567460108,6.412508953568249,1.049272507655896,-0.005843946246509302
2025-03-16 08:00:00,604.6613342177527,6.477231481826379,1.0598629910406325,-0.00010702784762806061
2025-03-16 08:15:00,600.1407145517278,10.997851147851293,1.7995675228353318,-0.007476283681795537
2025-03-16 08:30:00,602.0375824952913,9.100983204287786,1.489184894406027,0.003160705310554235
2025-03-16 08:45:00,603.6805389818421,7.458026717736971,1.2203495469476158,0.0027289932295275765
2025-03-16 09:00:00,601.2111255959958,9.927440103583308,1.6244172207033318,-0.0040905963111071975
2025-03-16 09:15:00,591.4280665169887,19.71049918259041,3.2252095169329595,-0.01627225222971196
2025-03-16 09:30:00,581.7893884625576,29.349177237021536,4.8023768886889195,-0.01629729564779503
2025-03-16 09:45:00,585.5582310695846,25.580334629994468,4.185684894670702,0.006478018818780296
2025-03-16 10:00:00,592.7026024580708,18.43596324150826,3.0166584595106265,0.012200958007944296
2025-03-16 10:15:00,578.4238169931381,32.714748706441014,5.3530820246946735,-0.024090978183182288
2025-03-16 10:30:00,581.1421631799769,29.996402519602157,4.908281722536172,0.004699575133281675
2025-03-16 10:45:00,574.1023435679073,37.03622213167182,6.06020045376713,-0.012113765027042867
2025-03-16 11:00:00,553.2367961887122,57.90176951086687,9.474409366488905,-0.03634464762766987
2025-03-16 11:15:00,533.3669800134868,77.7715856860923,12.725687765599613,-0.03591557234101206
2025-03-16 11:30:00,517.2211985411099,93.91736715846923,15.367606043804596,-0.030271430511068842
2025-03-16 11:45:00,511.42106427798353,99.71750142159556,16.316676285589587,-0.011214030437047717
2025-03-16 12:00:00,522.4388300499139,88.69973564966517,14.513850152482084,0.021543433662602585
2025-03-16 12:15:00,534.7012598268069,76.43730587277219,12.507360877360654,0.023471512972573993
2025-03-16 12:30:00,522.9715462440378,88.16701945554132,14.426682327700146,-0.021936947720243793
2025-03-16 12:45:00,528.5327050182119,82.60586068136718,13.516715409181723,0.010633769301817919
2025-03-16 13:00:00,541.4821893258438,69.65637637373527,11.397804079668678,0.024500819314834388
2025-03-16 13:15:00,538.8683949154221,72.27017078415702,11.825496677897968,-0.0048271105900564715
2025-03-16 13:30:00,527.6514829026977,83.4870827968814,13.660908913727695,-0.020815679892462247
2025-03-16 13:45:00,521.0398277083361,90.09873799124296,14.742767524105705,-0.012530345139920351
2025-03-16 14:00:00,525.8342734554521,85.30429224412694,13.958257101068053,0.009201687648721979
2025-03-16 14:15:00,535.2240187088913,75.91454699068777,12.421822357714783,0.017856852866846573
2025-03-16 14:30:00,537.5739443502608,73.56462134931826,12.037306345592473,0.004390545938200097
2025-03-16 14:45:00,559.5298173978036,51.60874830177545,8.444688520466414,0.04084251716120613
2025-03-16 15:00:00,554.5163107858139,56.62225491376523,9.265043656498575,-0.008960213479428214
2025-03-16 15:15:00,546.2517417928613,64.88682390671784,10.617366919471195,-0.014904104409914964
2025-03-16 15:30:00,554.043338463928,57.09522723565112,9.342435650463884,0.014263747050936137
2025-03-16 15:45:00,556.8313858350446,54.30717986453453,8.886230212352633,0.005032182823182074
2025-03-16 16:00:00,598.4330355369195,12.705530162659556,2.078993353678368,0.07471139515508396
2025-03-16 16:15:00,608.5845151613954,2.554050538183674,0.41791676741264316,0.016963434539284616
2025-03-16 16:30:00,593.6734403819418,17.46512531763733,2.857801208739748,-0.024501239200112157
2025-03-16 16:45:00,572.509173641555,38.62939205802411,6.32088927554498,-0.03564967758498794
2025-03-16 17:00:00,581.9238121750934,29.214753524485673,4.780381269351432,0.016444519960535864
2025-03-16 17:15:00,570.7218361304288,40.416729569150334,6.6133495474769655,-0.019249901465269725
2025-03-16 17:30:00,574.7645048185476,36.37406088103148,5.951851662215684,0.0070834308978411364
2025-03-16 17:45:00,586.1905203841055,24.948045315473564,4.082224018527644,0.019879473192529584
2025-03-16 18:00:00,586.5788555536541,24.55971014592501,4.018681118219263,0.0006624726194721653
2025-03-16 18:15:00,591.9109961509148,19.22756954866429,3.1461882178314533,0.009090236626800863
2025-03-16 18:30:00,586.3149867846018,24.823578914977247,4.0618577043262425,-0.009454139900597847
2025-03-16 18:45:00,575.7950866146566,35.34347908492248,5.783218580628158,-0.01794240366878086
2025-03-16 19:00:00,551.4743519576846,59.664213741894514,9.762796375580722,-0.04223852412489992
2025-03-16 19:15:00,550.6927029625681,60.445862737011,9.890696828765462,-0.0014173805043546928
2025-03-16 19:30:00,548.5518808740322,62.586684825546854,10.240997433029444,-0.003887507637233667
2025-03-16 19:45:00,546.0924248002261,65.04614089935296,10.643435801648963,-0.004483543233663401
2025-03-16 20:00:00,556.6621115303699,54.476454169209205,8.913928399666487,0.019355124242952826
2025-03-16 20:15:00,544.1955568566626,66.94300884291647,10.953818430078266,-0.022395191653037716
2025-03-16 20:30:00,545.8783425913724,65.26022310820667,10.67846586207538,0.003092244531413879
2025-03-16 20:45:00,551.7780499748958,59.360515724683296,9.713102568929267,0.010807733011565457
2025-03-16 21:00:00,539.1969862127326,71.94157948684654,11.771729608406234,-0.02280095006087257
2025-03-16 21:15:00,539.0675411562161,72.07102454336302,11.792910575175744,-0.00024007006683346432
2025-03-16 21:30:00,534.7062384828271,76.43232721675201,12.506546224792544,-0.00809045683595544
2025-03-16 21:45:00,529.3940125096456,81.74455318993353,13.375780514908165,-0.009934849438552273
2025-03-16 22:00:00,519.4864870301421,91.65207866943695,14.996939125339193,-0.018714842339330184
2025-03-16 22:15:00,513.5469503984605,97.59161530111862,15.968819639029668,-0.011433476673546328
2025-03-16 22:30:00,512.441688762053,98.6968769375261,16.149672509138146,-0.0021522114687856364
2025-03-16 22:45:00,495.5988954468977,115.53967025268139,18.90564214687081,-0.03286772658142589
2025-03-16 23:00:00,502.06616961668385,109.07239608289524,17.847408460966378,0.013049411992644533
2025-03-16 23:15:00,512.8499385556813,98.28862714389777,16.082870998557482,0.021478780271593667
2025-03-16 23:30:00,521.7965834233534,89.34198227622574,14.618940333761246,0.017444956497154163
2025-03-16 23:45:00,520.0689897844652,91.06957591511389,14.901624774876584,-0.003310856555544972
2025-03-17 00:00:00,527.9601595759291,83.17840612365,13.610400454508135,0.015173313438154201
2025-03-17 00:15:00,535.4281436057055,75.7104220938736,12.388421602424451,0.014144976461433867
2025-03-17 00:30:00,538.6941419547273,72.44442374485175,11.854009517779913,0.006099788343264523
2025-03-17 00:45:00,544.0810477682058,67.05751793137324,10.972555439143582,0.009999933902996139
2025-03-17 01:00:00,535.5376740381421,75.600891661437,12.370499245927244,-0.01570239170268528
2025-03-17 01:15:00,538.8683949154221,72.27017078415702,11.825496677897968,0.006219396017772549
2025-03-17 01:30:00,549.6471851983995,61.491380501179606,10.061773868057163,0.020002639577088477
2025-03-17 01:45:00,552.8335250511041,58.30504064847503,9.540396224501462,0.005797063895732313
2025-03-17 02:00:00,542.9907220998589,68.1478435997202,11.150964351547737,-0.01780428014081692
2025-03-17 02:15:00,554.5262680978534,56.612297601725686,9.26341435136249,0.021244462434614197
2025-03-17 02:30:00,557.1151692281759,54.0233964714032,8.839795015973479,0.0046686717641042375
2025-03-17 02:45:00,551.5241385178831,59.61442718169599,9.754649849900161,-0.010035682062002671
2025-03-17 03:00:00,565.9174330712725,45.22113262830658,7.399489275650817,0.026097306623910743
2025-03-17 03:15:00,564.8320860589449,46.306479640634166,7.577083535486993,-0.0019178539993676136
2025-03-17 03:30:00,565.2901224127711,45.84844328680799,7.502135499225878,0.000810924813110514
2025-03-17 03:45:00,574.8043340667066,36.3342316328725,5.945334441671209,0.01683067026419449
2025-03-17 04:00:00,578.5283687695552,32.6101969300239,5.335974320765462,0.006478786749051224
2025-03-17 04:15:00,577.0049000274805,34.13366567209857,5.58525800659058,-0.0026333518359953345
2025-03-17 04:30:00,572.792957034687,38.3456086648921,6.274454079165717,-0.007299665899878738
2025-03-17 04:45:00,572.2453048725034,38.893260827075665,6.364065861651848,-0.000956108407859535
2025-03-17 05:00:00,556.7019407785281,54.43662492105102,8.907411179122143,-0.02716206487257844
2025-03-17 05:15:00,556.6322395942504,54.50632610532864,8.918816315074874,-0.0001252037745371748
2025-03-17 05:30:00,554.0981036801467,57.040462019432425,9.333474472215215,-0.004552621522517342
2025-03-17 05:45:00,547.3171741811091,63.82139151847002,10.443031269907301,-0.012237777848364328
2025-03-17 06:00:00,553.5355155499034,57.60305014967571,9.42553021240554,0.011361495056496418
2025-03-17 06:15:00,536.3442163133577,74.79434938622137,12.238525529902242,-0.03105726507804507
2025-03-17 06:30:00,545.2759252129702,65.86264048660894,10.77703882281018,0.01665294157734354
2025-03-17 06:45:00,552.1414918643451,58.997073835234005,9.653632931461166,0.012590995373018554
2025-03-17 07:00:00,557.9167328473721,53.221832852206944,8.708635952516456,0.010459711990719267
2025-03-17 07:15:00,559.8285367589947,51.3100289405844,8.395809366383068,0.003426683228992866
2025-03-17 07:30:00,561.7353620145977,49.40320368498135,8.083797432817677,0.003406087990158957
2025-03-17 07:45:00,569.039050395719,42.09951530386013,6.888702115479852,0.013002009264518
2025-03-17 08:00:00,560.6798869383895,50.45867876118962,8.256503777245483,-0.01468996451388771
2025-03-17 08:15:00,568.34701720896,42.79154849061911,7.001938822439557,0.013674701820386437
2025-03-17 08:30:00,568.2822946807017,42.85627101887735,7.012529305824312,-0.00011387853951638771
2025-03-17 08:45:00,567.7894077347368,43.349157964842334,7.093179910061792,-0.0008673276478583514
2025-03-17 09:00:00,568.5312274816943,42.60733821788483,6.971796677421526,0.0013065050824336844
2025-03-17 09:15:00,578.6329205459716,32.505645153607475,5.318866616836363,0.01776805314463159
2025-03-17 09:30:00,570.9906835555004,40.14788214407872,6.569358308802009,-0.013207400960284721
2025-03-17 09:45:00,573.7588163025379,37.37974939704122,6.1164114809629275,0.004847947307652367
2025-03-17 10:00:00,560.7346521546074,50.403913544971715,8.247542598996944,-0.022699719425423148
2025-03-17 10:15:00,564.4835801375554,46.65498556202374,7.634109215250899,0.006685743369957198
2025-03-17 10:30:00,560.450868761476,50.687696938103045,8.293977795376097,-0.007144072065119467
2025-03-17 10:45:00,557.812181070955,53.326384628624055,8.725743656445667,-0.004708151664305826
2025-03-17 11:00:00,561.222560444553,49.91600525502611,8.16770664732744,0.0061138488712280115
2025-03-17 11:15:00,568.0532765037883,43.08528919579078,7.0500033239549245,0.012171135910546083
2025-03-17 11:30:00,569.039050395719,42.09951530386013,6.888702115479852,0.0017353546448983792
2025-03-17 11:45:00,566.5397650737539,44.59880062582522,7.297657704643845,-0.004392115655730611
2025-03-17 12:00:00,558.783018994826,52.355546704753124,8.566886405674788,-0.01369144154941726
2025-03-17 12:15:00,550.62798043431,60.51058526526913,9.901287312150197,-0.014594284871408236
2025-03-17 12:30:00,557.4437605254864,53.69480517409272,8.786027946481745,0.012378194231612571
2025-03-17 12:45:00,543.3442066772685,67.79435902231057,11.09312401921574,-0.02529323107846182
2025-03-17 13:00:00,548.3626919452778,62.7758737543013,10.271954230615583,0.009236291114059991
2025-03-17 13:15:00,538.1265751684646,73.01199053111452,11.946879910538234,-0.018666690727083046
2025-03-17 13:30:00,561.5411944298238,49.597371269755286,8.115568882971811,0.04351136022975477
2025-03-17 13:45:00,541.4672533577841,69.67131234179499,11.400248037372872,-0.03574794026005934
2025-03-17 14:00:00,531.4402401338045,79.69832556577455,13.040958309437196,-0.018518226470390142
2025-03-17 14:15:00,529.3392472934277,81.79931840615143,13.384741693156702,-0.003953394345614258
2025-03-17 14:30:00,549.8313954711338,61.30717022844533,10.031631723039133,0.03871269376394215
2025-03-17 14:45:00,536.5732344902713,74.56533120930783,12.20105151177161,-0.024113139209706258
2025-03-17 15:00:00,552.8185890830443,58.319976616534746,9.542840182205655,0.03027611805535857
2025-03-17 15:15:00,558.1557083363252,52.982857363253856,8.669532629249737,0.009654377328616182
2025-03-17 15:30:00,559.0020798596998,52.13648583987924,8.53104169268026,0.0015163717054822445
2025-03-17 15:45:00,567.7346425185182,43.40392318106092,7.102141088310443,0.015621699763639585
2025-03-17 16:00:00,578.0404604796097,33.0981052199694,5.415810272434946,0.018152526179086248
2025-03-17 16:15:00,572.4544084253371,38.68415727424201,6.329850453793519,-0.009663773448726709
2025-03-17 16:30:00,553.112329788216,58.026235911363074,9.494775680690289,-0.033787980933408734
2025-03-17 16:45:00,563.2040655404538,47.934500159125264,7.84347492524121,0.018245363931955527
2025-03-17 17:00:00,579.434484165168,31.704081534411102,5.18770755337932,0.02881800686069158
2025-03-17 17:15:00,587.310717988572,23.827847711007053,3.8989271907150833,0.01359296700256274
2025-03-17 17:30:00,603.1876520358772,7.95091366370184,1.301000151185078,0.02703327823078161
2025-03-17 17:45:00,600.8675983306264,10.27096736895271,1.6806282478991303,-0.0038463216171953363
2025-03-17 18:00:00,596.7452711461897,14.39329455338941,2.3551605742493438,-0.006860624862930931
2025-03-17 18:15:00,596.7104205540509,14.42814514552822,2.36086314222571,-5.840111991484154e-05
2025-03-17 18:30:00,613.4038541886113,0.0,0.0,0.027975770255629806
2025-03-17 18:45:00,615.679099989683,0.0,0.0,0.003709213408972456
2025-03-17 19:00:00,614.2153751198471,1.4637248698359144,0.2377415231182027,-0.0023774152311820673
2025-03-17 19:15:00,610.9344408027649,4.7446591869180565,0.7706383385431735,-0.005341667515962101
2025-03-17 19:30:00,618.8156532821891,0.0,0.0,0.012900258936242581
2025-03-17 19:45:00,614.3946067365613,4.42104654562786,0.7144367667783925,-0.007144367667783924
2025-03-17 20:00:00,604.2879350162639,14.527718265925273,2.347664961102789,-0.016449805401092865
2025-03-17 20:15:00,597.1584995958374,21.657153686351762,3.499774702123732,-0.011798076723531836
2025-03-17 20:30:00,592.3789898167805,26.43666346540863,4.272138774316544,-0.008003754082528625
2025-03-17 20:45:00,588.8640586667653,29.9515946154238,4.840148185741745,-0.0059335851041953935
2025-03-17 21:00:00,593.6485471018425,25.16710618034665,4.066979567640328,0.00812494558745791
2025-03-17 21:15:00,588.9437171630833,29.87193611910584,4.827275451205142,-0.0079252782841428
2025-03-17 21:30:00,589.8548112147162,28.96084206747298,4.680043549943363,0.0015469968098507092
2025-03-17 21:45:00,594.3356016325821,24.48005164960705,3.955952232262583,0.007596429380034131
2025-03-17 22:00:00,596.0283446793313,22.78730860285782,3.682406623360975,0.002848126617519542
2025-03-17 22:15:00,599.8768457826764,18.93880749951279,3.060492636064009,0.006456909537440714
2025-03-17 22:30:00,597.3476885245918,21.467964757597315,3.4692019575994153,-0.004216127486608823
2025-03-17 22:45:00,593.2651905883141,25.550462693875033,4.128929602597439,-0.0068343747112527
2025-03-17 23:00:00,588.9835464112423,29.83210687094686,4.82083908393684,-0.0072170830936936214
2025-03-17 23:15:00,582.7203971382696,36.09525614391953,5.8329578368728745,-0.010633827228510695
2025-03-17 23:30:00,595.7893691903784,23.026284091810794,3.7210248269706367,0.022427517753437654
2025-03-17 23:45:00,590.8306277946065,27.985025487582675,4.522352551870741,-0.008322977300703305
2025-03-18 00:00:00,584.612286425813,34.20336685637619,5.527230391629888,-0.010524744446652523
2025-03-18 00:15:00,578.1450122560268,40.67064102616234,6.572335526815759,-0.011062501284955228
2025-03-18 00:30:00,578.2047561282649,40.61089715392427,6.562680975913371,0.00010333717488109073
2025-03-18 00:45:00,580.3605141848606,38.45513909732858,6.214312597518031,0.003728364448315702
2025-03-18 01:00:00,570.3534155849601,48.46223769722906,7.831449873671757,-0.017242900499452207
2025-03-18 01:15:00,558.1557083363252,60.65994494586391,9.802587349580518,-0.021386226356030047
2025-03-18 01:30:00,543.1550177485141,75.66063553367508,12.226684171994062,-0.0268754585212847
2025-03-18 01:45:00,549.2239994367121,69.59165384547703,11.24594270949093,0.011173571982000974
2025-03-18 02:00:00,559.32071384497,59.49493943721916,9.614323606983579,0.018383600167897196
2025-03-18 02:15:00,563.1941082284142,55.62154505377498,8.988386890143959,0.006925175999324296
2025-03-18 02:30:00,564.3640923930792,54.45156088910994,8.799318601638415,0.002077408388282631
2025-03-18 02:45:00,559.0867170120372,59.72893627015196,9.652137264684654,-0.009351011965811451
2025-03-18 03:00:00,552.7040799945884,66.11157328760078,10.683565119425465,-0.011416184329257506
2025-03-18 03:15:00,545.2908611810299,73.52479210115928,11.88153397723294,-0.013412636312782555
2025-03-18 03:30:00,548.6713686185091,70.14428466368008,11.33524730533816,0.006199457350444915
2025-03-18 03:45:00,548.2481828568217,70.56747042536745,11.403633707563571,-0.0007712918622907461
2025-03-18 04:00:00,550.911763827442,67.90388945474717,10.97320164649778,0.004858348926467748
2025-03-18 04:15:00,549.9907124637696,68.82494081841958,11.122042639576602,-0.0016718673009874507
2025-03-18 04:30:00,539.9039553675512,78.9116979146379,12.75205265026691,-0.018339868051649666
2025-03-18 04:45:00,540.8200280752035,77.99562520698566,12.604016203096677,0.0016967327217090045
2025-03-18 05:00:00,541.4373814216655,77.37827186052368,12.50425251043836,0.0011415134692018825
2025-03-18 05:15:00,541.6962715346975,77.11938174749162,12.462416123194613,0.00047815337823986503
2025-03-18 05:30:00,545.6194524783402,73.19620080384891,11.82843394726965,0.007242399753883966
2025-03-18 05:45:00,542.0846067042461,76.73104657794306,12.399661542328918,-0.006478591916102006
2025-03-18 06:00:00,530.1507682246635,88.66488505752568,14.328158085085347,-0.022014715658756123
2025-03-18 06:15:00,525.9089532957498,92.90669998643932,15.013631199156574,-0.008001148320728402
2025-03-18 06:30:00,506.6515118109669,112.16414147122225,18.12561477336672,-0.036617443692679164
2025-03-18 06:45:00,513.3677187817456,105.44793450044358,17.040282342754143,0.01325606815377367
2025-03-18 07:00:00,538.1464897925437,80.66916348964548,13.03605735597951,0.04826709998361345
2025-03-18 07:15:00,547.2773449329508,71.53830834923838,11.560520159727739,0.016967229766614356
2025-03-18 07:30:00,546.1720832965433,72.64356998564585,11.739129351422418,-0.0020195640229596634
2025-03-18 07:45:00,549.104511692236,69.71114158995317,11.265251811295707,0.0053690558074541705
2025-03-18 08:00:00,545.6991109746575,73.11654230753163,11.815561212733156,-0.006201735088796956
2025-03-18 08:15:00,552.6094855302108,66.20616775197834,10.698851491687677,0.01266334215427034
2025-03-18 08:30:00,555.0589842919773,63.75666899021189,10.303014904688894,0.004432603539941571
2025-03-18 08:45:00,555.2083439725728,63.60730930961631,10.278878527432859,0.0002690879434843474
2025-03-18 09:00:00,553.5255582378638,65.29009504432531,10.550815044517314,-0.0030309085822963766
2025-03-18 09:15:00,546.7446287388261,72.07102454336302,11.64660657194099,-0.012250436132749898
2025-03-18 09:30:00,548.2183109207024,70.59734236148677,11.408460983014812,0.002695375691711188
2025-03-18 09:45:00,533.5810622223405,85.23459105984864,13.773825954105334,-0.02669967129295525
2025-03-18 10:00:00,529.6280093425792,89.18764393960998,14.412635405481428,-0.00740853294773447
2025-03-18 10:15:00,529.1251650845738,89.69048819761531,14.49389454224344,-0.0009494291259812826
2025-03-18 10:30:00,532.6400962345889,86.17555704760025,13.925885130818259,0.0066429105662613175
2025-03-18 10:45:00,531.9928709520083,86.82278233018087,14.030476098927702,-0.0012151268504869694
2025-03-18 11:00:00,530.0960030084448,88.71965027374438,14.337008090079276,-0.003565589027854865
2025-03-18 11:15:00,525.9189106077902,92.89674267439898,15.012022107339401,-0.007879879072749896
2025-03-18 11:30:00,518.8093898114428,100.00626347074638,16.16091366472626,-0.013518283242812346
2025-03-18 11:45:00,520.4871968901324,98.32845639205675,15.889781693550262,0.0032339566546770726
2025-03-18 12:00:00,518.8243257795025,99.99132750268666,16.15850002700063,-0.003194835762657444
2025-03-18 12:15:00,521.0497850203758,97.76586826181335,15.798868005885861,0.004289427326927386
2025-03-18 12:30:00,518.4011400178151,100.41451326437402,16.22688642922604,-0.005083285856181896
2025-03-18 12:45:00,511.42106427798353,107.39458900420561,17.35485979299106,-0.01346462266574433
2025-03-18 13:00:00,507.248950533349,111.56670274884016,18.02906926434262,-0.00815788405298612
2025-03-18 13:15:00,510.18635758506105,108.6292956971281,17.55438717830745,0.005790858805372556
2025-03-18 13:30:00,675.9612062752778,0.0,0.0,0.3249299912190966
2025-03-18 13:45:00,675.9612062752778,0.0,0.0,0.0
2025-03-18 14:00:00,675.9612062752778,0.0,0.0,0.0
2025-03-18 14:15:00,675.9612062752778,0.0,0.0,0.0
2025-03-18 14:30:00,675.9612062752778,0.0,0.0,0.0
2025-03-18 14:45:00,675.9612062752778,0.0,0.0,0.0
2025-03-18 15:00:00,675.9612062752778,0.0,0.0,0.0
2025-03-18 15:15:00,675.9612062752778,0.0,0.0,0.0
2025-03-18 15:30:00,675.9612062752778,0.0,0.0,0.0
2025-03-18 15:45:00,675.9612062752778,0.0,0.0,0.0
2025-03-18 16:00:00,675.9612062752778,0.0,0.0,0.0
2025-03-18 16:15:00,675.9612062752778,0.0,0.0,0.0
2025-03-18 16:30:00,675.9612062752778,0.0,0.0,0.0
2025-03-18 16:45:00,675.9612062752778,0.0,0.0,0.0
2025-03-18 17:00:00,675.9612062752778,0.0,0.0,0.0
2025-03-18 17:15:00,675.9612062752778,0.0,0.0,0.0
2025-03-18 17:30:00,675.9612062752778,0.0,0.0,0.0
2025-03-18 17:45:00,675.9612062752778,0.0,0.0,0.0
2025-03-18 18:00:00,675.9612062752778,0.0,0.0,0.0
2025-03-18 18:15:00,675.9612062752778,0.0,0.0,0.0
2025-03-18 18:30:00,675.9612062752778,0.0,0.0,0.0
2025-03-18 18:45:00,675.9612062752778,0.0,0.0,0.0
2025-03-18 19:00:00,675.9612062752778,0.0,0.0,0.0
2025-03-18 19:15:00,675.9612062752778,0.0,0.0,0.0
2025-03-18 19:30:00,675.9612062752778,0.0,0.0,0.0
2025-03-18 19:45:00,675.9612062752778,0.0,0.0,0.0
2025-03-18 20:00:00,675.9612062752778,0.0,0.0,0.0
2025-03-18 20:15:00,675.9612062752778,0.0,0.0,0.0
2025-03-18 20:30:00,675.9612062752778,0.0,0.0,0.0
2025-03-18 20:45:00,675.9612062752778,0.0,0.0,0.0
2025-03-18 21:00:00,675.9612062752778,0.0,0.0,0.0
2025-03-18 21:15:00,675.9612062752778,0.0,0.0,0.0
2025-03-18 21:30:00,675.9612062752778,0.0,0.0,0.0
2025-03-18 21:45:00,675.9612062752778,0.0,0.0,0.0
2025-03-18 22:00:00,675.9612062752778,0.0,0.0,0.0
2025-03-18 22:15:00,675.9612062752778,0.0,0.0,0.0
2025-03-18 22:30:00,675.9612062752778,0.0,0.0,0.0
2025-03-18 22:45:00,675.9612062752778,0.0,0.0,0.0
2025-03-18 23:00:00,675.9612062752778,0.0,0.0,0.0
2025-03-18 23:15:00,675.9612062752778,0.0,0.0,0.0
2025-03-18 23:30:00,675.9612062752778,0.0,0.0,0.0
2025-03-18 23:45:00,675.9612062752778,0.0,0.0,0.0
2025-03-19 00:00:00,675.9612062752778,0.0,0.0,0.0
2025-03-19 00:15:00,675.9612062752778,0.0,0.0,0.0
2025-03-19 00:30:00,675.9612062752778,0.0,0.0,0.0
2025-03-19 00:45:00,675.7680745020564,0.19313177322146657,0.028571428571422447,-0.0002857142857142225
2025-03-19 01:00:00,689.8225625748161,0.0,0.0,0.020797798243303856
2025-03-19 01:15:00,691.1477996635629,0.0,0.0,0.0019211274908148557
2025-03-19 01:30:00,688.427576165609,2.720223497953839,0.3935805770166656,-0.003935805770166612
2025-03-19 01:45:00,705.2720370567836,0.0,0.0,0.024468021727128475
2025-03-19 02:00:00,696.687058196789,8.584978859994521,1.2172577968383735,-0.01217257796838378
2025-03-19 02:15:00,699.2387208369631,6.033316219820449,0.8554594401613415,0.003662566442354187
2025-03-19 02:30:00,692.4614118655664,12.810625191217127,1.8164090617682755,-0.009692410859748257
2025-03-19 02:45:00,689.8051252447017,15.46691181208189,2.193041975211134,-0.003836006707880535
2025-03-19 03:00:00,685.2772318581501,19.994805198633458,2.835048626353467,-0.006564018185491682
2025-03-19 03:15:00,693.7866489543133,11.485388102470324,1.6285046760680804,0.012417481131088426
2025-03-19 03:30:00,686.3699712120291,18.902065844754475,2.680109922355055,-0.010690141923980101
2025-03-19 03:45:00,679.3427271756492,25.929309881134373,3.67649765179145,-0.01023827429974944
2025-03-19 04:00:00,686.7361551444461,18.53588191233746,2.6281889736747184,0.010883207655044691
2025-03-19 04:15:00,692.0661657162909,13.20587134049265,1.872450720661339,0.00776136589273313
2025-03-19 04:30:00,683.5451237333846,21.726913323399003,3.0806429550317906,-0.01231246722499002
2025-03-19 04:45:00,684.3123662584492,20.9596707983344,2.971856205415794,0.0011224460513654666
2025-03-19 05:00:00,687.1662759539513,18.105761102832275,2.56720246252646,0.004170478039299708
2025-03-19 05:15:00,680.2727181151206,24.999318941662978,3.5446349249843014,-0.010031862854824714
2025-03-19 05:30:00,673.2861611823416,31.985875874441945,4.5352536601230184,-0.010270229492867378
2025-03-19 05:45:00,668.0433372610722,37.22869979571135,5.278629782498233,-0.0077869176934552975
2025-03-19 06:00:00,665.1313031318531,40.14073392493049,5.69152494581302,-0.004359049730453535
2025-03-19 06:15:00,670.8914345132031,34.380602543580494,4.874800181651382,0.008660141770846952
2025-03-19 06:30:00,671.792363235816,33.479673820967605,4.747058165056962,0.0013428830303470196
2025-03-19 06:45:00,670.5310630241581,34.740974032625445,4.925896988289122,-0.001877514959507054
2025-03-19 07:00:00,673.9080926231137,31.36394443366987,4.4470704615706556,0.005036350715393878
2025-03-19 07:15:00,664.3814979369039,40.89053911987969,5.797839269301339,-0.014136341127955032
2025-03-19 07:30:00,671.4843037371159,33.78773331966772,4.79073769331186,0.010690854309260978
2025-03-19 07:45:00,670.9669962770353,34.30504077974831,4.864086335098284,-0.0007703939722812914
2025-03-19 08:00:00,660.9347190174881,44.337318039295496,6.286555500530325,-0.014951968301291751
2025-03-19 08:15:00,658.1679959725614,47.10404108422222,6.678847112781494,-0.004186076121163063
2025-03-19 08:30:00,658.4179310375445,46.85410601923911,6.643409004952049,0.0003797435708094987
2025-03-19 08:45:00,658.1214964255877,47.150540631195895,6.685440249121867,-0.000450222568346037
2025-03-19 09:00:00,656.8020717802129,48.46996527657063,6.872520492779464,-0.0020048344455253497
2025-03-19 09:15:00,650.0189503654441,55.25308669133949,7.834294256429013,-0.01032749698304658
2025-03-19 09:30:00,657.1333810523994,48.13865600438419,6.825544396354452,0.010944958886130118
2025-03-19 09:45:00,651.2570008036147,54.01503625316889,7.658752001367095,-0.00894244672120248
2025-03-19 10:00:00,653.7272892365853,51.54474782019827,7.308491633285646,0.003793108450154792
2025-03-19 10:15:00,650.6060071459849,54.66602991079867,7.751055910132071,-0.00477459353768972
2025-03-19 10:30:00,649.1354589729457,56.13657808383789,7.959563846895884,-0.002260274508515625
2025-03-19 10:45:00,654.9595272313856,50.312509825398024,7.133773520266083,0.00897203839034555
2025-03-19 11:00:00,642.4162744352659,62.85576262151767,8.912272048077382,-0.019151187630084388
2025-03-19 11:15:00,637.5280095596694,67.74402749711419,9.605375505857452,-0.007609185928382112
2025-03-19 11:30:00,623.7699560988657,81.50208095791788,11.556119720560524,-0.021580312165901838
2025-03-19 11:45:00,630.5182028534048,74.7538342033788,10.599290809166186,0.010818486348306067
2025-03-19 12:00:00,637.6965704174492,67.57546663933442,9.581475386623575,0.011384869669993192
2025-03-19 12:15:00,643.9740092588805,61.298027797903046,8.691401980675401,0.00984392755526664
2025-03-19 12:30:00,643.1893294037015,62.082707653082025,8.802661156418932,-0.001218496156517257
2025-03-19 12:45:00,638.841621761673,66.4304152951106,9.419119404242322,-0.00675960785303964
2025-03-19 13:00:00,628.5884716540012,76.68356540278239,10.872905967291082,-0.01604959626675173
2025-03-19 13:15:00,627.4724825266358,77.79955453014782,11.031141239459624,-0.0017753891101899288
2025-03-19 13:30:00,627.0597990472459,78.21223800953771,11.089655324480221,-0.0006576917568211771
2025-03-19 13:45:00,618.7945045726938,86.4775324840898,12.26158530897876,-0.013181030720053166
2025-03-19 14:00:00,618.0446993777454,87.22733767903821,12.367899632466965,-0.0012117192208521699
2025-03-19 14:15:00,626.7633644352891,78.5086726214945,11.13168656865004,0.014106851925632213
2025-03-19 14:30:00,612.5868150517234,92.68522200506015,13.1417690104163,-0.022618663099970182
2025-03-19 14:45:00,606.1640651259996,99.10797193078395,14.052445967428092,-0.010484636247323542
2025-03-19 15:00:00,611.7905103098004,93.48152674698315,13.254676470245009,0.009282050038105227
2025-03-19 15:15:00,605.6351327791749,99.63690427760866,14.12744289329971,-0.010061250422973234
2025-03-19 15:30:00,583.4722862028988,121.7997508538848,17.26989650152234,-0.0365943872419916
2025-03-19 15:45:00,581.4088688059468,123.8631682508368,17.562466926625675,-0.0035364445677107392
2025-03-19 16:00:00,594.5682405994665,110.70379645731703,15.696609342304596,0.022633593155442444
2025-03-19 16:15:00,585.7333266744889,119.53871038229465,16.949305246972415,-0.014859377480488933
2025-03-19 16:30:00,597.5558364925178,107.71620056426582,15.273000332436727,0.020184116695478815
2025-03-19 16:45:00,591.0865870198203,114.18545003696329,16.19027042578889,-0.010826184061175081
2025-03-19 17:00:00,593.0686302095688,112.20340684721475,15.909237989281136,0.0033532197029571
2025-03-19 17:15:00,597.2710267673051,108.00101028947847,15.31338329252135,0.007085852030735973
2025-03-19 17:30:00,625.3218784791084,79.95015857767521,11.336073795201125,0.046965030036073996
2025-03-19 17:45:00,610.7791451631257,94.49289189365788,13.398077185647725,-0.02325639613210584
2025-03-19 18:00:00,594.8588627680513,110.4131742887323,15.655402240177377,-0.026065530431335304
2025-03-19 18:15:00,608.8436015203508,96.42843553643274,13.672516485815104,0.023509339151852826
2025-03-19 18:30:00,590.4297809188184,114.84225613796514,16.283398476596464,-0.030243925624825474
2025-03-19 18:45:00,781.9878459290601,0.0,0.0,0.3244383518597955
2025-03-19 19:00:00,781.9878459290601,0.0,0.0,0.0
2025-03-19 19:15:00,781.9878459290601,0.0,0.0,0.0
2025-03-19 19:30:00,781.9878459290601,0.0,0.0,0.0
2025-03-19 19:45:00,781.9878459290601,0.0,0.0,0.0
2025-03-19 20:00:00,781.9878459290601,0.0,0.0,0.0
2025-03-19 20:15:00,781.9878459290601,0.0,0.0,0.0
2025-03-19 20:30:00,781.9878459290601,0.0,0.0,0.0
2025-03-19 20:45:00,781.9878459290601,0.0,0.0,0.0
2025-03-19 21:00:00,781.9878459290601,0.0,0.0,0.0
2025-03-19 21:15:00,781.9878459290601,0.0,0.0,0.0
2025-03-19 21:30:00,781.9878459290601,0.0,0.0,0.0
2025-03-19 21:45:00,781.9878459290601,0.0,0.0,0.0
2025-03-19 22:00:00,781.9878459290601,0.0,0.0,0.0
2025-03-19 22:15:00,781.9878459290601,0.0,0.0,0.0
2025-03-19 22:30:00,781.9878459290601,0.0,0.0,0.0
2025-03-19 22:45:00,781.9878459290601,0.0,0.0,0.0
2025-03-19 23:00:00,781.9878459290601,0.0,0.0,0.0
2025-03-19 23:15:00,781.9878459290601,0.0,0.0,0.0
2025-03-19 23:30:00,781.7644208302231,0.22342509883696948,0.028571428571440745,-0.00028571428571444457
2025-03-19 23:45:00,783.9384208072088,0.0,0.0,0.0027808888701750245
2025-03-20 00:00:00,757.110746535002,26.827674272206764,3.422166022247352,-0.03422166022247353
2025-03-20 00:15:00,787.9262314158801,0.0,0.0,0.04070142316947489
2025-03-20 00:30:00,818.9089470642192,0.0,0.0,0.03932184817944706
2025-03-20 00:45:00,837.3236273426489,0.0,0.0,0.02248684709630555
2025-03-20 01:00:00,819.8415801904407,17.482047152208224,2.0878483039693605,-0.02087848303969364
2025-03-20 01:15:00,822.5237044224027,14.799922920246217,1.767527206561174,0.0032715152497375666
2025-03-20 01:30:00,853.8730413686355,0.0,0.0,0.03811359694277394
2025-03-20 01:45:00,846.2897692595656,7.583272109069981,0.8881030014620308,-0.008881030014620261
2025-03-20 02:00:00,855.0565206460474,0.0,0.0,0.010359042144810537
2025-03-20 02:15:00,852.0978224525169,2.958698193530495,0.3460236980936673,-0.0034602369809366706
2025-03-20 02:30:00,837.9025030761658,17.154017569881603,2.0061852235125572,-0.016659260242555263
2025-03-20 02:45:00,834.7379823996073,20.318538246440085,2.376280135386628,-0.0037767170582981846
2025-03-20 03:00:00,840.62965097629,14.426869669757366,1.6872416409218172,0.007058105298798134
2025-03-20 03:15:00,845.0226745984224,10.033846047624934,1.173471671795889,0.005225872793126474
2025-03-20 03:30:00,839.7420415182306,15.314479127816753,1.7910487503499453,-0.006249102229950565
2025-03-20 03:45:00,845.7044615734537,9.352059072593647,1.0937357761481774,0.0071002995687141635
2025-03-20 04:00:00,850.2582840104529,4.798236635594435,0.5611601712561731,0.005384649891200466
2025-03-20 04:15:00,854.3811656236111,0.6753550224362925,0.07898367021703087,0.0048489755297784765
2025-03-20 04:30:00,868.936674345262,0.0,0.0,0.017036317404102386
2025-03-20 04:45:00,859.1408105436383,9.795863801623682,1.127339205587657,-0.011273392055876519
2025-03-20 05:00:00,860.6201596404035,8.316514704858491,0.9570909998849951,0.0017218936390988038
2025-03-20 05:15:00,871.9146683965764,0.0,0.0,0.013123686018338354
2025-03-20 05:30:00,863.5917217391238,8.322946657452576,0.95455977048284,-0.009545597704828435
2025-03-20 05:45:00,849.8530709969909,22.06159739958548,2.530247305066683,-0.0159087337179028
2025-03-20 06:00:00,841.8131302537017,30.101538142874688,3.452349092627432,-0.009460389116270784
2025-03-20 06:15:00,847.5311361103287,24.383532286247714,2.7965503013142627,0.00679248832208601
2025-03-20 06:30:00,857.2369525756279,14.677715820948492,1.6833890233708706,0.011451870086853999
2025-03-20 06:45:00,854.368301718422,17.546366678154413,2.012394941172584,-0.0033463919731724356
2025-03-20 07:00:00,841.1313432786704,30.783325117905974,3.5305433242126245,-0.015493269604136328
2025-03-20 07:15:00,848.5087929047133,23.40587549186307,2.6844227239467986,0.008770865198395983
2025-03-20 07:30:00,852.329372745924,19.58529565065237,2.2462399544979683,0.004502699174314673
2025-03-20 07:45:00,851.1587573737013,20.755911022875125,2.380497974766796,-0.0013734307530097745
2025-03-20 08:00:00,853.2491419669565,18.665526429619945,2.1407515100010026,0.002455927963080695
2025-03-20 08:15:00,842.6171243280307,29.297544068545676,3.3601389138713467,-0.012460625057783448
2025-03-20 08:30:00,835.1496273656633,36.76504103091315,4.216587054157823,-0.00886226584621419
2025-03-20 08:45:00,823.5849766005169,48.32969179605948,5.5429382653851045,-0.013847399778677993
2025-03-20 09:00:00,829.9719055269851,41.94276286959132,4.810420605346936,0.007755033309168935
2025-03-20 09:15:00,840.7968817437499,31.117786652826567,3.5689027585751245,0.013042581495444017
